State,Total population,Male,Female,Under 5 years,5 to 9 years,10 to 14 years,15 to 19 years,20 to 24 years,25 to 34 years,35 to 44 years,45 to 54 years,55 to 59 years,60 to 64 years,65 to 74 years,75 to 84 years,85 years and over,Median age (years),18 years and over,Male,Female,21 years and over,62 years and over,65 years and over,Male,Female,One race,White,Black or African American,American Indian and Alaska Native,Asian,Asian Indian,Chinese,Filipino,Japanese,Korean,Vietnamese,Other Asian [1],Native Hawaiian and Other Pacific Islander,Native Hawaiian,Guamanian or Chamorro,Samoan,Other Pacific Islander [2],Some other race,Two or more races,White,Black or African American,American Indian and Alaska Native,Asian,Native Hawaiian and Other Pacific Islander,Some other race,Total population,Hispanic or Latino (of any race),Mexican,Puerto Rican,Cuban,Other Hispanic or Latino,Not Hispanic or Latino,White alone,Total population,In households,Householder,Spouse,Child,Own child under 18 years,Other relatives,Under 18 years,Nonrelatives,Unmarried partner,In group quarters,Institutionalized population,Noninstitutionalized population,Total households,Family households (families),With own children under 18 years,Married-couple family,With own children under 18 years,"Female householder, no husband present",With own children under 18 years,Nonfamily households,Householder living alone,Householder 65 years and over,Households with individuals under 18 years,Households with individuals 65 years and over,Average household size,Average family size,Total housing units,Occupied housing units,Vacant housing units,"For seasonal, recreational, or occasional use",Homeowner vacancy rate (percent),Rental vacancy rate (percent),Occupied housing units,Owner-occupied housing units,Renter-occupied housing units,Average household size of owner-occupied unit,Average household size of renter-occupied unit
Alabama,4447100.00,2146504.00,2300596.00,295992.00,315345.00,320252.00,324580.00,306865.00,603015.00,685512.00,600209.00,225450.00,190082.00,316748.00,195749.00,67301.00,36.00,3323678.00,1570851.00,1752827.00,3124317.00,690914.00,579798.00,231486.00,348312.00,4402921.00,3162808.00,1155930.00,22430.00,31346.00,6900.00,6337.00,2727.00,1966.00,4116.00,4628.00,4672.00,1409.00,359.00,577.00,209.00,264.00,28998.00,44179.00,3199953.00,1168998.00,44449.00,39458.00,3169.00,38201.00,4447100.00,75830.00,44522.00,6322.00,2354.00,22632.00,4371270.00,3125819.00,4447100.00,4332380.00,1737080.00,906916.00,1302505.00,989799.00,240463.00,113123.00,145416.00,58537.00,114720.00,65363.00,49357.00,1737080.00,1215968.00,561458.00,906916.00,391185.00,246466.00,141057.00,521112.00,453898.00,169738.00,626857.00,418608.00,2.00,3.00,1963711.00,1737080.00,226631.00,47205.00,2.00,12.00,1737080.00,1258705.00,478375.00,3.00,2.00
Alaska,626932.00,324112.00,302820.00,47591.00,53771.00,56661.00,50094.00,39892.00,89473.00,114049.00,94952.00,27423.00,17327.00,22507.00,10558.00,2634.00,32.00,436215.00,226111.00,210104.00,410474.00,45300.00,35699.00,16724.00,18975.00,592786.00,434534.00,21787.00,98043.00,25116.00,723.00,1464.00,12712.00,1414.00,4573.00,814.00,3416.00,3309.00,695.00,227.00,1670.00,717.00,9997.00,34146.00,463999.00,27147.00,119241.00,32686.00,5515.00,15151.00,626932.00,25852.00,13334.00,2649.00,553.00,9316.00,601080.00,423788.00,626932.00,607583.00,221600.00,116318.00,206127.00,174113.00,24481.00,10808.00,39057.00,16568.00,19349.00,4824.00,14525.00,221600.00,152337.00,88484.00,116318.00,63245.00,23937.00,17243.00,69263.00,52060.00,8985.00,95129.00,26349.00,3.00,3.00,260978.00,221600.00,39378.00,21474.00,2.00,8.00,221600.00,138509.00,83091.00,3.00,2.00
Arizona,5130632.00,2561057.00,2569575.00,382386.00,389869.00,378211.00,367722.00,362860.00,742665.00,768804.00,627904.00,238675.00,203697.00,363841.00,235473.00,68525.00,34.00,3763685.00,1859746.00,1903939.00,3536279.00,787520.00,667839.00,296267.00,371572.00,4984106.00,3873611.00,158873.00,255879.00,92236.00,14741.00,21221.00,16176.00,7712.00,9123.00,12931.00,10332.00,6733.00,1985.00,1354.00,1197.00,2197.00,596774.00,146526.00,3998154.00,185599.00,292552.00,118672.00,13415.00,677392.00,5130632.00,1295617.00,1065578.00,17587.00,5272.00,207180.00,3835015.00,3274258.00,5130632.00,5020782.00,1901327.00,986303.00,1496034.00,1197438.00,319414.00,132782.00,317704.00,118196.00,109850.00,63768.00,46082.00,1901327.00,1287367.00,608218.00,986303.00,428878.00,210781.00,129511.00,613960.00,472006.00,162822.00,673926.00,465062.00,3.00,3.00,2189189.00,1901327.00,287862.00,141965.00,2.00,9.00,1901327.00,1293556.00,607771.00,3.00,3.00
Arkansas,2673400.00,1304693.00,1368707.00,181585.00,187224.00,192935.00,198765.00,181598.00,352845.00,398127.00,349519.00,139393.00,117390.00,198334.00,129193.00,46492.00,36.00,1993031.00,955418.00,1037613.00,1873359.00,442588.00,374019.00,154428.00,219591.00,2637656.00,2138598.00,418950.00,17808.00,20220.00,3104.00,3126.00,2489.00,1036.00,1550.00,3974.00,4941.00,1668.00,295.00,231.00,176.00,966.00,40412.00,35744.00,2170534.00,427152.00,37002.00,25401.00,3129.00,48267.00,2673400.00,86866.00,61204.00,2473.00,950.00,22239.00,2586534.00,2100135.00,2673400.00,2599492.00,1042696.00,566401.00,759757.00,601711.00,131635.00,62167.00,99003.00,40543.00,73908.00,45152.00,28756.00,1042696.00,732261.00,334604.00,566401.00,237174.00,126561.00,76774.00,310435.00,266585.00,108644.00,371331.00,263521.00,2.00,3.00,1173043.00,1042696.00,130347.00,29012.00,3.00,10.00,1042696.00,723535.00,319161.00,3.00,2.00
California,33871648.00,16874892.00,16996756.00,2486981.00,2725880.00,2570822.00,2450888.00,2381288.00,5229062.00,5485341.00,4331635.00,1467252.00,1146841.00,1887823.00,1282178.00,425657.00,33.00,24621819.00,12130354.00,12491465.00,23146248.00,4253854.00,3595658.00,1513874.00,2081784.00,32264002.00,20170059.00,2263882.00,333346.00,3697513.00,314819.00,980642.00,918678.00,288854.00,345882.00,447032.00,401606.00,116961.00,20571.00,20918.00,37498.00,37974.00,5682241.00,1607646.00,21490973.00,2513041.00,627562.00,4155685.00,221458.00,6575625.00,33871648.00,10966556.00,8455926.00,140570.00,72286.00,2297774.00,22905092.00,15816790.00,33871648.00,33051894.00,11502870.00,5877084.00,10519953.00,8035222.00,2848893.00,953557.00,2303094.00,683516.00,819754.00,413656.00,406098.00,11502870.00,7920049.00,4117036.00,5877084.00,2989974.00,1448510.00,834716.00,3582821.00,2708308.00,892207.00,4569910.00,2570170.00,3.00,3.00,12214549.00,11502870.00,711679.00,236857.00,1.00,4.00,11502870.00,6546334.00,4956536.00,3.00,3.00
Colorado,4301261.00,2165983.00,2135278.00,297505.00,308428.00,311497.00,307238.00,306238.00,664027.00,736823.00,614125.00,194722.00,144585.00,226310.00,141547.00,48216.00,34.00,3200466.00,1600273.00,1600193.00,3014312.00,498699.00,416073.00,176531.00,239542.00,4179074.00,3560005.00,165063.00,44241.00,95213.00,11720.00,15658.00,8941.00,11571.00,16395.00,15457.00,15471.00,4621.00,1435.00,1124.00,931.00,1131.00,309931.00,122187.00,3665638.00,190717.00,79689.00,120779.00,10153.00,364846.00,4301261.00,735601.00,450760.00,12993.00,3701.00,268147.00,3565660.00,3202880.00,4301261.00,4198306.00,1658238.00,858671.00,1217836.00,1004792.00,188318.00,70555.00,275243.00,91224.00,102955.00,52741.00,50214.00,1658238.00,1084461.00,543588.00,858671.00,404866.00,158979.00,102113.00,573777.00,435778.00,116235.00,585387.00,292763.00,3.00,3.00,1808037.00,1658238.00,149799.00,72263.00,1.00,6.00,1658238.00,1116137.00,542101.00,3.00,2.00
Connecticut,3405565.00,1649319.00,1756246.00,223344.00,244144.00,241587.00,216627.00,187571.00,451640.00,581049.00,480807.00,176961.00,131652.00,231565.00,174345.00,64273.00,37.00,2563877.00,1218230.00,1345647.00,2439461.00,545704.00,470183.00,190002.00,280181.00,3330717.00,2780355.00,309843.00,9639.00,82313.00,23662.00,19172.00,7643.00,4196.00,7064.00,7538.00,13038.00,1366.00,365.00,281.00,277.00,443.00,147201.00,74848.00,2835974.00,339078.00,24488.00,95368.00,4076.00,186234.00,3405565.00,320323.00,23484.00,194443.00,7101.00,95295.00,3085242.00,2638845.00,3405565.00,3297626.00,1301670.00,676467.00,1002981.00,772790.00,156013.00,52203.00,160495.00,68873.00,107939.00,55256.00,52683.00,1301670.00,881170.00,419285.00,676467.00,307126.00,157411.00,91114.00,420500.00,344224.00,132061.00,451411.00,326743.00,3.00,3.00,1385975.00,1301670.00,84305.00,23379.00,1.00,6.00,1301670.00,869729.00,431941.00,3.00,2.00
Delaware,783600.00,380541.00,403059.00,51531.00,55813.00,55274.00,55632.00,51665.00,108840.00,127601.00,103999.00,39320.00,32199.00,56415.00,34762.00,10549.00,36.00,589013.00,280643.00,308370.00,553669.00,120444.00,101726.00,42866.00,58860.00,770567.00,584773.00,150666.00,2731.00,16259.00,5280.00,4128.00,2018.00,614.00,1991.00,817.00,1411.00,283.00,41.00,89.00,35.00,118.00,15855.00,13033.00,594425.00,157152.00,6069.00,18944.00,671.00,20391.00,783600.00,37277.00,12986.00,14005.00,932.00,9354.00,746323.00,567973.00,783600.00,759017.00,298736.00,153136.00,223811.00,172150.00,39919.00,17469.00,43415.00,18298.00,24583.00,11510.00,13073.00,298736.00,204590.00,95175.00,153136.00,65535.00,38986.00,22975.00,94146.00,74639.00,27071.00,105833.00,71466.00,3.00,3.00,343072.00,298736.00,44336.00,25977.00,2.00,8.00,298736.00,216038.00,82698.00,3.00,2.00
District of Columbia,572059.00,269366.00,302693.00,32536.00,35385.00,30018.00,37867.00,51823.00,101762.00,87677.00,75310.00,27803.00,21980.00,35919.00,25004.00,8975.00,35.00,457067.00,211446.00,245621.00,425229.00,82342.00,69898.00,26543.00,43355.00,558613.00,176101.00,343312.00,1713.00,15189.00,2845.00,3734.00,2228.00,1117.00,1095.00,1903.00,2267.00,348.00,138.00,62.00,51.00,97.00,21950.00,13446.00,184309.00,350455.00,4775.00,17956.00,785.00,28627.00,572059.00,44953.00,5098.00,2328.00,1101.00,36426.00,527106.00,159178.00,572059.00,536497.00,248338.00,56631.00,129116.00,88899.00,50187.00,22097.00,52225.00,14886.00,35562.00,7964.00,27598.00,248338.00,114166.00,49104.00,56631.00,20741.00,47032.00,24561.00,134172.00,108744.00,24903.00,60987.00,53369.00,2.00,3.00,274845.00,248338.00,26507.00,2207.00,3.00,6.00,248338.00,101214.00,147124.00,2.00,2.00
Florida,15982378.00,7797715.00,8184663.00,945823.00,1031718.00,1057024.00,1014067.00,928310.00,2084100.00,2485247.00,2069479.00,821517.00,737496.00,1452176.00,1024134.00,331287.00,39.00,12336038.00,5926729.00,6409309.00,11736378.00,3245806.00,2807597.00,1216647.00,1590950.00,15606063.00,12465029.00,2335505.00,53541.00,266256.00,70740.00,46368.00,54310.00,10897.00,19139.00,33190.00,31612.00,8625.00,2131.00,2319.00,1232.00,2943.00,477107.00,376315.00,12734292.00,2471730.00,117880.00,333013.00,23998.00,697074.00,15982378.00,2682715.00,363925.00,482027.00,833120.00,1003643.00,13299663.00,10458509.00,15982378.00,15593433.00,6337929.00,3192266.00,4171924.00,3200461.00,954061.00,345104.00,937253.00,369622.00,388945.00,248350.00,140595.00,6337929.00,4210760.00,1779586.00,3192266.00,1215197.00,759000.00,437680.00,2127169.00,1687303.00,710025.00,1986554.00,1943478.00,2.00,3.00,7302947.00,6337929.00,965018.00,482944.00,2.00,9.00,6337929.00,4441799.00,1896130.00,2.00,2.00
Georgia,8186453.00,4027113.00,4159340.00,595150.00,615584.00,607759.00,596277.00,592196.00,1299256.00,1353508.00,1079992.00,375651.00,285805.00,435695.00,261723.00,87857.00,33.00,6017219.00,2915524.00,3101695.00,5646535.00,948821.00,785275.00,311231.00,474044.00,8072265.00,5327281.00,2349542.00,21737.00,173170.00,46132.00,27446.00,11036.00,7242.00,28745.00,29016.00,23553.00,4246.00,866.00,1566.00,819.00,995.00,196289.00,114188.00,5412371.00,2393425.00,53197.00,199812.00,9689.00,241298.00,8186453.00,435227.00,275288.00,35532.00,12536.00,111871.00,7751226.00,5128661.00,8186453.00,7952631.00,3006369.00,1548800.00,2439098.00,1899303.00,522651.00,218208.00,435713.00,145743.00,233822.00,126023.00,107799.00,3006369.00,2111647.00,1051302.00,1548800.00,732734.00,435410.00,258006.00,894722.00,710523.00,210409.00,1174114.00,563830.00,3.00,3.00,3281737.00,3006369.00,275368.00,50064.00,2.00,8.00,3006369.00,2029154.00,977215.00,3.00,3.00
Hawaii,1211537.00,608671.00,602866.00,78163.00,84980.00,83106.00,81002.00,83409.00,171159.00,191177.00,170979.00,60561.00,46400.00,85262.00,57775.00,17564.00,36.00,915770.00,456446.00,459324.00,867329.00,187435.00,160601.00,71338.00,89263.00,952194.00,294102.00,22003.00,3535.00,503868.00,1441.00,56600.00,170635.00,201764.00,23537.00,7867.00,42024.00,113539.00,80137.00,1663.00,16166.00,15573.00,15147.00,259343.00,476162.00,33343.00,24882.00,703232.00,282667.00,47603.00,1211537.00,87699.00,19820.00,30005.00,711.00,37163.00,1123838.00,277091.00,1211537.00,1175755.00,403240.00,216077.00,351544.00,239483.00,127659.00,47971.00,77235.00,23516.00,35782.00,7690.00,28092.00,403240.00,287068.00,129322.00,216077.00,96758.00,49923.00,23619.00,116172.00,88153.00,28565.00,153008.00,110475.00,3.00,3.00,460542.00,403240.00,57302.00,25584.00,2.00,8.00,403240.00,227888.00,175352.00,3.00,3.00
Idaho,1293953.00,648660.00,645293.00,97643.00,100756.00,104608.00,110858.00,93994.00,169433.00,192968.00,170248.00,60024.00,47505.00,75970.00,51889.00,18057.00,33.00,924923.00,458934.00,465989.00,860220.00,173097.00,145916.00,64161.00,81755.00,1268344.00,1177304.00,5456.00,17645.00,11889.00,1289.00,2224.00,1614.00,2642.00,1250.00,1323.00,1547.00,1308.00,391.00,254.00,249.00,414.00,54742.00,25609.00,1201113.00,8127.00,27237.00,17390.00,2847.00,64389.00,1293953.00,101690.00,79324.00,1509.00,408.00,20449.00,1192263.00,1139291.00,1293953.00,1262457.00,469645.00,276511.00,407482.00,343031.00,43857.00,17764.00,64962.00,22564.00,31496.00,17717.00,13779.00,469645.00,335588.00,170463.00,276511.00,132101.00,40849.00,27091.00,134057.00,105175.00,38789.00,181967.00,100742.00,3.00,3.00,527824.00,469645.00,58179.00,27478.00,2.00,8.00,469645.00,339960.00,129685.00,3.00,3.00
Illinois,12419293.00,6080336.00,6338957.00,876549.00,929858.00,905097.00,894002.00,850843.00,1811674.00,1983870.00,1626742.00,577747.00,462886.00,772247.00,535747.00,192031.00,35.00,9173842.00,4417904.00,4755938.00,8634455.00,1767525.00,1500025.00,601611.00,898414.00,12184277.00,9125471.00,1876875.00,31006.00,423603.00,124723.00,76725.00,86298.00,20379.00,51453.00,19101.00,44924.00,4610.00,1003.00,988.00,1062.00,1557.00,722712.00,235016.00,9322831.00,1937671.00,73161.00,473649.00,11848.00,847369.00,12419293.00,1530262.00,1144390.00,157851.00,18438.00,209583.00,10889031.00,8424140.00,12419293.00,12097512.00,4591779.00,2353892.00,3814988.00,2884036.00,758563.00,288827.00,578290.00,219546.00,321781.00,174727.00,147054.00,4591779.00,3105513.00,1514561.00,2353892.00,1113582.00,563718.00,315957.00,1486266.00,1229807.00,438693.00,1663878.00,1064919.00,3.00,3.00,4885615.00,4591779.00,293836.00,29712.00,2.00,6.00,4591779.00,3088884.00,1502895.00,3.00,2.00
Indiana,6080485.00,2982474.00,3098011.00,423215.00,443273.00,443416.00,453482.00,425731.00,831125.00,960703.00,816865.00,294169.00,235675.00,395393.00,265880.00,91558.00,35.00,4506089.00,2174756.00,2331333.00,4221426.00,888688.00,752831.00,303797.00,449034.00,6004813.00,5320022.00,510034.00,15815.00,59126.00,14685.00,12531.00,6674.00,5065.00,7502.00,4843.00,7826.00,2005.00,606.00,470.00,385.00,544.00,97811.00,75672.00,5387174.00,538015.00,39263.00,72839.00,4367.00,119586.00,6080485.00,214536.00,153042.00,19678.00,2754.00,39062.00,5865949.00,5219373.00,6080485.00,5902331.00,2336306.00,1251458.00,1801564.00,1432898.00,229415.00,100304.00,283588.00,124851.00,178154.00,90885.00,87269.00,2336306.00,1602501.00,767836.00,1251458.00,556113.00,259372.00,160311.00,733805.00,605428.00,221538.00,834826.00,524632.00,3.00,3.00,2532319.00,2336306.00,196013.00,33803.00,2.00,9.00,2336306.00,1669162.00,667144.00,3.00,2.00
Iowa,2926324.00,1435515.00,1490809.00,188413.00,202603.00,210547.00,226420.00,203663.00,363060.00,445199.00,392794.00,139052.00,118360.00,211935.00,159160.00,65118.00,37.00,2192686.00,1058805.00,1133881.00,2051156.00,505699.00,436213.00,176997.00,259216.00,2894546.00,2748640.00,61853.00,8989.00,36635.00,5641.00,6161.00,2272.00,1474.00,5063.00,7129.00,8895.00,1009.00,270.00,170.00,150.00,419.00,37420.00,31778.00,2777183.00,72512.00,18246.00,43119.00,2196.00,46858.00,2926324.00,82473.00,61154.00,2690.00,750.00,17879.00,2843851.00,2710344.00,2926324.00,2822155.00,1149276.00,633254.00,831984.00,686153.00,72519.00,29297.00,135122.00,56822.00,104169.00,50256.00,53913.00,1149276.00,769684.00,361153.00,633254.00,274565.00,98270.00,64367.00,379592.00,313083.00,130739.00,382455.00,291420.00,2.00,3.00,1232511.00,1149276.00,83235.00,16472.00,2.00,7.00,1149276.00,831419.00,317857.00,3.00,2.00
Kansas,2688418.00,1328474.00,1359944.00,188708.00,195574.00,204018.00,210118.00,190167.00,348853.00,420351.00,354147.00,121645.00,98608.00,175916.00,128543.00,51770.00,35.00,1975425.00,962194.00,1013231.00,1847513.00,413585.00,356229.00,145515.00,210714.00,2631922.00,2313944.00,154198.00,24936.00,46806.00,8153.00,7624.00,3509.00,1935.00,4529.00,11623.00,9433.00,1313.00,391.00,325.00,255.00,342.00,90725.00,56496.00,2363412.00,170610.00,47363.00,56049.00,3117.00,107789.00,2688418.00,188252.00,148270.00,5237.00,1680.00,33065.00,2500166.00,2233997.00,2688418.00,2606468.00,1037891.00,567924.00,793413.00,659418.00,90000.00,37765.00,117240.00,42299.00,81950.00,45396.00,36554.00,1037891.00,701547.00,345091.00,567924.00,260923.00,96661.00,62757.00,336344.00,280387.00,105689.00,368875.00,241686.00,3.00,3.00,1131200.00,1037891.00,93309.00,9639.00,2.00,9.00,1037891.00,718703.00,319188.00,3.00,2.00
Kentucky,4041769.00,1975368.00,2066401.00,265901.00,279258.00,279481.00,289004.00,283032.00,568108.00,642665.00,556932.00,204483.00,168112.00,273943.00,172589.00,58261.00,36.00,3046951.00,1464021.00,1582930.00,2867257.00,601762.00,504793.00,203981.00,300812.00,3999326.00,3640889.00,295994.00,8616.00,29744.00,6771.00,5397.00,3106.00,3683.00,3818.00,3596.00,3373.00,1460.00,338.00,403.00,327.00,392.00,22623.00,42443.00,3678740.00,311878.00,24552.00,37062.00,3162.00,31805.00,4041769.00,59939.00,31385.00,6469.00,3516.00,18569.00,3981830.00,3608013.00,4041769.00,3926965.00,1590647.00,857944.00,1162259.00,901105.00,159383.00,69435.00,156732.00,71266.00,114804.00,62057.00,52747.00,1590647.00,1104398.00,516344.00,857944.00,375211.00,187957.00,110565.00,486249.00,414095.00,155914.00,564175.00,363000.00,2.00,3.00,1750927.00,1590647.00,160280.00,30420.00,2.00,9.00,1590647.00,1125397.00,465250.00,3.00,2.00
Louisiana,4468976.00,2162903.00,2306073.00,317392.00,336780.00,347912.00,365945.00,325571.00,601162.00,691966.00,586271.00,208761.00,170287.00,282925.00,175328.00,58676.00,34.00,3249177.00,1539808.00,1709369.00,3029001.00,615399.00,516929.00,208288.00,308641.00,4420711.00,2856161.00,1451944.00,25477.00,54758.00,8280.00,7474.00,4504.00,1519.00,2876.00,24358.00,5747.00,1240.00,373.00,342.00,253.00,272.00,31131.00,48265.00,2894983.00,1468317.00,42878.00,64350.00,3237.00,47775.00,4468976.00,107738.00,32267.00,7670.00,8448.00,59353.00,4361238.00,2794391.00,4468976.00,4333011.00,1656053.00,809498.00,1404630.00,1049117.00,281756.00,144550.00,181074.00,83563.00,135965.00,90002.00,45963.00,1656053.00,1156438.00,572053.00,809498.00,374158.00,275075.00,161546.00,499615.00,419200.00,148840.00,649314.00,372354.00,3.00,3.00,1847181.00,1656053.00,191128.00,39578.00,2.00,9.00,1656053.00,1125135.00,530918.00,3.00,2.00
Maine,1274923.00,620309.00,654614.00,70726.00,83022.00,92252.00,89485.00,69656.00,157617.00,212980.00,192596.00,68490.00,54697.00,96196.00,63890.00,23316.00,39.00,973685.00,465746.00,507939.00,924108.00,215732.00,183402.00,76004.00,107398.00,1262276.00,1236014.00,6760.00,7098.00,9111.00,1021.00,2034.00,1159.00,616.00,875.00,1323.00,2083.00,382.00,90.00,70.00,109.00,113.00,2911.00,12647.00,1247776.00,9553.00,13156.00,11827.00,792.00,5227.00,1274923.00,9360.00,2756.00,2275.00,478.00,3851.00,1265563.00,1230297.00,1274923.00,1240011.00,518200.00,272152.00,342506.00,279827.00,33361.00,11354.00,73792.00,37881.00,34912.00,13091.00,21821.00,518200.00,340685.00,157325.00,272152.00,112767.00,49022.00,32352.00,177515.00,139969.00,55483.00,167685.00,128137.00,2.00,3.00,651901.00,518200.00,133701.00,101470.00,2.00,7.00,518200.00,370905.00,147295.00,3.00,2.00
Maryland,5296486.00,2557794.00,2738692.00,353393.00,391318.00,392135.00,356119.00,314129.00,748521.00,916156.00,755032.00,268647.00,201729.00,321285.00,211120.00,66902.00,36.00,3940314.00,1864136.00,2076178.00,3736905.00,714369.00,599307.00,244393.00,354914.00,5192899.00,3391308.00,1477411.00,15423.00,210929.00,49909.00,49400.00,26608.00,6620.00,39155.00,16744.00,22493.00,2303.00,583.00,708.00,321.00,691.00,95525.00,103587.00,3465697.00,1525036.00,39437.00,238408.00,6179.00,134621.00,5296486.00,227916.00,39900.00,25570.00,6754.00,155692.00,5068570.00,3286547.00,5296486.00,5162430.00,1980859.00,994549.00,1567333.00,1194489.00,327842.00,129487.00,291847.00,110335.00,134056.00,69318.00,64738.00,1980859.00,1359318.00,662172.00,994549.00,461446.00,279876.00,159342.00,621541.00,495459.00,160414.00,739048.00,429316.00,3.00,3.00,2145283.00,1980859.00,164424.00,38880.00,2.00,6.00,1980859.00,1341751.00,639108.00,3.00,2.00
Massachusetts,6349097.00,3058816.00,3290281.00,397268.00,430861.00,431247.00,415737.00,404279.00,926788.00,1062995.00,873353.00,310002.00,236405.00,427830.00,315640.00,116692.00,37.00,4849033.00,2289671.00,2559362.00,4587935.00,997277.00,860162.00,341539.00,518623.00,6203092.00,5367286.00,343454.00,15015.00,238124.00,43801.00,84392.00,8273.00,10539.00,17369.00,33962.00,39788.00,2489.00,562.00,529.00,476.00,922.00,236724.00,146005.00,5472809.00,398479.00,38050.00,264814.00,8704.00,320907.00,6349097.00,428729.00,22288.00,199207.00,8867.00,198367.00,5920368.00,5198359.00,6349097.00,6127881.00,2443580.00,1197917.00,1844182.00,1382189.00,283525.00,87502.00,358677.00,130919.00,221216.00,88453.00,132763.00,2443580.00,1576696.00,748865.00,1197917.00,548360.00,289944.00,163550.00,866884.00,684345.00,256137.00,804940.00,604481.00,3.00,3.00,2621989.00,2443580.00,178409.00,93771.00,1.00,4.00,2443580.00,1508052.00,935528.00,3.00,2.00
Michigan,9938444.00,4873095.00,5065349.00,672005.00,745181.00,747012.00,719867.00,643839.00,1362171.00,1598373.00,1367939.00,485895.00,377144.00,642880.00,433678.00,142460.00,36.00,7342677.00,3541373.00,3801304.00,6914135.00,1436729.00,1219018.00,500959.00,718059.00,9746028.00,7966053.00,1412742.00,58479.00,176510.00,54631.00,33189.00,17377.00,11288.00,20886.00,13673.00,25466.00,2692.00,734.00,622.00,505.00,831.00,129552.00,192416.00,8133283.00,1474613.00,124412.00,208329.00,7276.00,195724.00,9938444.00,323877.00,220769.00,26941.00,7219.00,68948.00,9614567.00,7806691.00,9938444.00,9688555.00,3785661.00,1947710.00,3037440.00,2347192.00,432980.00,183621.00,484764.00,202220.00,249889.00,126132.00,123757.00,3785661.00,2575699.00,1236713.00,1947710.00,873227.00,473802.00,283758.00,1209962.00,993607.00,355414.00,1347469.00,862730.00,3.00,3.00,4234279.00,3785661.00,448618.00,233922.00,2.00,7.00,3785661.00,2793124.00,992537.00,3.00,2.00
Minnesota,4919479.00,2435631.00,2483848.00,329594.00,355894.00,374995.00,374362.00,322483.00,673138.00,824182.00,665696.00,226857.00,178012.00,295825.00,212840.00,85601.00,35.00,3632585.00,1775400.00,1857185.00,3414300.00,696775.00,594266.00,246847.00,347419.00,4836737.00,4400282.00,171731.00,54967.00,141968.00,16887.00,16060.00,6284.00,3816.00,12584.00,18824.00,67513.00,1979.00,593.00,266.00,508.00,612.00,65810.00,82742.00,4466325.00,202972.00,81074.00,162414.00,5867.00,89042.00,4919479.00,143382.00,95613.00,6616.00,2527.00,38626.00,4776097.00,4337143.00,4919479.00,4783596.00,1895127.00,1018245.00,1472917.00,1210443.00,136159.00,47983.00,261148.00,100358.00,135883.00,63058.00,72825.00,1895127.00,1255141.00,626291.00,1018245.00,477615.00,168782.00,111371.00,639986.00,509468.00,177056.00,658565.00,402837.00,3.00,3.00,2065946.00,1895127.00,170819.00,105609.00,1.00,4.00,1895127.00,1412865.00,482262.00,3.00,2.00
Mississippi,2844658.00,1373554.00,1471104.00,204364.00,216920.00,218742.00,233188.00,212947.00,381798.00,425372.00,361981.00,132202.00,113621.00,185710.00,114922.00,42891.00,34.00,2069471.00,977930.00,1091541.00,1923445.00,409722.00,343523.00,135890.00,207633.00,2824637.00,1746099.00,1033809.00,11652.00,18626.00,3827.00,3099.00,2608.00,766.00,1334.00,5387.00,1605.00,667.00,197.00,213.00,157.00,100.00,13784.00,20021.00,1761658.00,1041708.00,19555.00,23281.00,1901.00,18635.00,2844658.00,39569.00,21616.00,2881.00,1508.00,13564.00,2805089.00,1727908.00,2844658.00,2749244.00,1046434.00,520844.00,883590.00,657312.00,192598.00,101556.00,105778.00,46738.00,95414.00,50826.00,44588.00,1046434.00,747159.00,363416.00,520844.00,234484.00,180705.00,106203.00,299275.00,257708.00,100616.00,414602.00,248129.00,3.00,3.00,1161953.00,1046434.00,115519.00,21845.00,2.00,9.00,1046434.00,756967.00,289467.00,3.00,3.00
Missouri,5595211.00,2720177.00,2875034.00,369898.00,398898.00,412080.00,413296.00,369498.00,738733.00,887569.00,742462.00,279073.00,228325.00,393226.00,263582.00,98571.00,36.00,4167519.00,1988560.00,2178959.00,3919855.00,887864.00,755379.00,307235.00,448144.00,5513150.00,4748083.00,629391.00,25076.00,61595.00,12169.00,13667.00,7735.00,3337.00,6767.00,10626.00,7294.00,3178.00,594.00,435.00,1116.00,1033.00,45827.00,82061.00,4819487.00,655377.00,60099.00,76210.00,6635.00,64880.00,5595211.00,118592.00,77887.00,6677.00,3022.00,31006.00,5476619.00,4686474.00,5595211.00,5433153.00,2194594.00,1140866.00,1632535.00,1293406.00,215253.00,96412.00,249905.00,111010.00,162058.00,90430.00,71628.00,2194594.00,1476516.00,699779.00,1140866.00,497201.00,253760.00,156571.00,718078.00,599808.00,225631.00,762492.00,525811.00,2.00,3.00,2442017.00,2194594.00,247423.00,66053.00,2.00,9.00,2194594.00,1542149.00,652445.00,3.00,2.00
Montana,902195.00,449480.00,452715.00,54869.00,61963.00,69298.00,71310.00,58379.00,103279.00,141941.00,135088.00,47174.00,37945.00,62519.00,43093.00,15337.00,38.00,672133.00,331235.00,340898.00,631866.00,142988.00,120949.00,52942.00,68007.00,886465.00,817229.00,2692.00,56068.00,4691.00,379.00,827.00,859.00,885.00,833.00,199.00,709.00,470.00,217.00,73.00,72.00,108.00,5315.00,15730.00,831978.00,4441.00,66320.00,7101.00,1077.00,7834.00,902195.00,18081.00,11735.00,931.00,285.00,5130.00,884114.00,807823.00,902195.00,877433.00,358667.00,192067.00,254549.00,211642.00,26425.00,11907.00,45725.00,17941.00,24762.00,12068.00,12694.00,358667.00,237407.00,111807.00,192067.00,82384.00,32016.00,21201.00,121260.00,98422.00,35991.00,119550.00,83982.00,2.00,3.00,412633.00,358667.00,53966.00,24213.00,2.00,8.00,358667.00,247723.00,110944.00,3.00,2.00
Nebraska,1711263.00,843351.00,867912.00,117048.00,123445.00,128934.00,134909.00,120331.00,223273.00,263834.00,225754.00,77584.00,63956.00,115699.00,82543.00,33953.00,35.00,1261021.00,612965.00,648056.00,1180859.00,269893.00,232195.00,95630.00,136565.00,1687310.00,1533261.00,68541.00,14896.00,21931.00,3273.00,3093.00,2101.00,1582.00,2423.00,6364.00,3095.00,836.00,244.00,273.00,111.00,208.00,47845.00,23953.00,1554164.00,75833.00,22204.00,26809.00,1733.00,55996.00,1711263.00,94425.00,71030.00,1993.00,859.00,20543.00,1616838.00,1494494.00,1711263.00,1660445.00,666184.00,360996.00,505755.00,420245.00,47877.00,18621.00,79633.00,29537.00,50818.00,26011.00,24807.00,666184.00,443411.00,217636.00,360996.00,165564.00,60343.00,39685.00,222773.00,183550.00,71013.00,229980.00,157560.00,2.00,3.00,722668.00,666184.00,56484.00,11912.00,2.00,8.00,666184.00,449317.00,216867.00,3.00,2.00
Nevada,1998257.00,1018051.00,980206.00,145817.00,149322.00,139193.00,127169.00,130006.00,306611.00,321961.00,269050.00,105057.00,85142.00,131775.00,70165.00,16989.00,35.00,1486458.00,754857.00,731601.00,1411378.00,268104.00,218929.00,101968.00,116961.00,1921829.00,1501886.00,135477.00,26420.00,90266.00,5535.00,14113.00,40529.00,8277.00,7554.00,4420.00,9838.00,8426.00,3471.00,1346.00,1474.00,2135.00,159354.00,76428.00,1565866.00,150508.00,42222.00,112456.00,16234.00,193720.00,1998257.00,393970.00,285764.00,10420.00,11498.00,86288.00,1604287.00,1303001.00,1998257.00,1964582.00,751165.00,373201.00,558609.00,451743.00,134013.00,44898.00,147594.00,53902.00,33675.00,22173.00,11502.00,751165.00,498333.00,238846.00,373201.00,166072.00,83482.00,50675.00,252832.00,186745.00,53564.00,264800.00,159831.00,3.00,3.00,827457.00,751165.00,76292.00,16526.00,3.00,10.00,751165.00,457247.00,293918.00,3.00,2.00
New Hampshire,1235786.00,607687.00,628099.00,75685.00,88537.00,93255.00,86688.00,68766.00,160061.00,221179.00,183986.00,62664.00,46995.00,78327.00,51412.00,18231.00,37.00,926224.00,449034.00,477190.00,875763.00,175105.00,147970.00,62134.00,85836.00,1222572.00,1186851.00,9035.00,2964.00,15931.00,3873.00,4074.00,1203.00,877.00,1800.00,1697.00,2407.00,371.00,117.00,83.00,63.00,108.00,7420.00,13214.00,1198927.00,12218.00,7885.00,19219.00,777.00,10895.00,1235786.00,20489.00,4590.00,6215.00,785.00,8899.00,1215297.00,1175252.00,1235786.00,1200247.00,474606.00,262438.00,356277.00,289296.00,37319.00,12458.00,69607.00,32560.00,35539.00,13784.00,21755.00,474606.00,323651.00,158410.00,262438.00,120337.00,42952.00,27257.00,150955.00,116014.00,40484.00,168371.00,101849.00,3.00,3.00,547024.00,474606.00,72418.00,56413.00,1.00,4.00,474606.00,330700.00,143906.00,3.00,2.00
New Jersey,8414350.00,4082813.00,4331537.00,563785.00,604529.00,590577.00,525216.00,480079.00,1189040.00,1435106.00,1158898.00,423338.00,330646.00,574669.00,402468.00,135999.00,37.00,6326792.00,3013338.00,3313454.00,6033473.00,1303854.00,1113136.00,446780.00,666356.00,8200595.00,6104705.00,1141821.00,19492.00,480276.00,169180.00,100355.00,85245.00,14672.00,65349.00,15180.00,30295.00,3329.00,634.00,779.00,563.00,1353.00,450972.00,213755.00,6261187.00,1211750.00,49104.00,524356.00,10065.00,583527.00,8414350.00,1117191.00,102929.00,366788.00,77337.00,570137.00,7297159.00,5557209.00,8414350.00,8219529.00,3064645.00,1638322.00,2588787.00,1880026.00,542959.00,171395.00,384816.00,151318.00,194821.00,110169.00,84652.00,3064645.00,2154539.00,1025556.00,1638322.00,776205.00,387012.00,196809.00,910106.00,751287.00,300688.00,1122728.00,793781.00,3.00,3.00,3310275.00,3064645.00,245630.00,109075.00,1.00,5.00,3064645.00,2011473.00,1053172.00,3.00,2.00
New Mexico,1819046.00,894317.00,924729.00,130628.00,141171.00,147309.00,145751.00,121291.00,234091.00,282009.00,245819.00,87140.00,71612.00,117745.00,71174.00,23306.00,35.00,1310472.00,635067.00,675405.00,1227546.00,253786.00,212225.00,93199.00,119026.00,1752719.00,1214253.00,34343.00,173483.00,19255.00,3104.00,3979.00,2888.00,1964.00,1791.00,3274.00,2255.00,1503.00,498.00,363.00,290.00,352.00,309882.00,66327.00,1272116.00,42412.00,191475.00,26619.00,3069.00,352963.00,1819046.00,765386.00,330049.00,4488.00,2588.00,428261.00,1053660.00,813495.00,1819046.00,1782739.00,677971.00,341818.00,566934.00,445404.00,106021.00,51657.00,89995.00,43542.00,36307.00,19178.00,17129.00,677971.00,466515.00,235030.00,341818.00,157745.00,89622.00,56133.00,211456.00,172181.00,55852.00,261684.00,151722.00,3.00,3.00,780579.00,677971.00,102608.00,31990.00,2.00,12.00,677971.00,474445.00,203526.00,3.00,2.00
New York,18976457.00,9146748.00,9829709.00,1239417.00,1351857.00,1332433.00,1287544.00,1244309.00,2757324.00,3074298.00,2552936.00,932008.00,755979.00,1276046.00,860818.00,311488.00,36.00,14286350.00,6744091.00,7542259.00,13505172.00,2884520.00,2448352.00,976138.00,1472214.00,18386275.00,12893689.00,3014385.00,82461.00,1044976.00,251724.00,424774.00,81681.00,37279.00,119846.00,23818.00,105854.00,8818.00,1684.00,1931.00,1475.00,3728.00,1341946.00,590182.00,13275834.00,3234165.00,171581.00,1169200.00,28612.00,1721699.00,18976457.00,2867583.00,260889.00,1050293.00,62590.00,1493811.00,16108874.00,11760981.00,18976457.00,18395996.00,7056860.00,3289514.00,5737989.00,4155866.00,1270513.00,409045.00,1041120.00,377556.00,580461.00,262262.00,318199.00,7056860.00,4639387.00,2231381.00,3289514.00,1527187.00,1038176.00,573384.00,2417473.00,1982742.00,715550.00,2466483.00,1767452.00,3.00,3.00,7679307.00,7056860.00,622447.00,235043.00,2.00,5.00,7056860.00,3739166.00,3317694.00,3.00,2.00
North Carolina,8049313.00,3942695.00,4106618.00,539509.00,562553.00,551367.00,539931.00,577508.00,1213415.00,1287120.00,1085150.00,400207.00,323505.00,533777.00,329810.00,105461.00,35.00,6085266.00,2936570.00,3148696.00,5733268.00,1157861.00,969048.00,389011.00,580037.00,7946053.00,5804656.00,1737545.00,99551.00,113689.00,26197.00,18984.00,9592.00,5664.00,12600.00,15596.00,25056.00,3983.00,932.00,1313.00,823.00,915.00,186629.00,103260.00,5884608.00,1776283.00,131736.00,136212.00,8574.00,223222.00,8049313.00,378963.00,246545.00,31117.00,7389.00,93912.00,7670350.00,5647155.00,8049313.00,7795432.00,3132013.00,1645346.00,2218247.00,1744451.00,413465.00,174201.00,386361.00,143680.00,253881.00,106659.00,147222.00,3132013.00,2158869.00,995648.00,1645346.00,707506.00,389997.00,227351.00,973144.00,795271.00,270141.00,1104659.00,682982.00,2.00,3.00,3523944.00,3132013.00,391931.00,134870.00,2.00,9.00,3132013.00,2172355.00,959658.00,3.00,2.00
North Dakota,642200.00,320524.00,321676.00,39400.00,42982.00,47464.00,53618.00,50503.00,76887.00,98004.00,85431.00,28926.00,24507.00,45901.00,33851.00,14726.00,36.00,481351.00,237953.00,243398.00,447103.00,109097.00,94478.00,39881.00,54597.00,634802.00,593181.00,3916.00,31329.00,3606.00,822.00,606.00,643.00,186.00,411.00,478.00,460.00,230.00,52.00,30.00,52.00,96.00,2540.00,7398.00,599918.00,5372.00,35228.00,4967.00,475.00,4042.00,642200.00,7786.00,4295.00,507.00,250.00,2734.00,634414.00,589149.00,642200.00,618569.00,257152.00,137433.00,182394.00,152563.00,12947.00,4980.00,28643.00,11379.00,23631.00,9688.00,13943.00,257152.00,166150.00,80453.00,137433.00,62002.00,20148.00,13639.00,91002.00,75420.00,29487.00,83975.00,63607.00,2.00,3.00,289677.00,257152.00,32525.00,8340.00,3.00,8.00,257152.00,171299.00,85853.00,3.00,2.00
Ohio,11353140.00,5512262.00,5840878.00,754930.00,816346.00,827811.00,816868.00,728928.00,1519894.00,1805316.00,1566384.00,553174.00,455732.00,790252.00,540709.00,176796.00,36.00,8464801.00,4034377.00,4430424.00,7977101.00,1773210.00,1507757.00,608559.00,899198.00,11195255.00,9645453.00,1301307.00,24486.00,132633.00,38752.00,30425.00,12393.00,10732.00,13376.00,9812.00,17143.00,2749.00,788.00,618.00,565.00,778.00,88627.00,157885.00,9779512.00,1372501.00,76075.00,159776.00,6984.00,128671.00,11353140.00,217123.00,90663.00,66269.00,5152.00,55039.00,11136017.00,9538111.00,11353140.00,11054019.00,4445773.00,2285798.00,3377343.00,2632157.00,442815.00,192631.00,502290.00,229089.00,299121.00,172368.00,126753.00,4445773.00,2993023.00,1409912.00,2285798.00,996042.00,536878.00,323095.00,1452750.00,1215614.00,446396.00,1534008.00,1058224.00,2.00,3.00,4783051.00,4445773.00,337278.00,47239.00,2.00,8.00,4445773.00,3072522.00,1373251.00,3.00,2.00
Oklahoma,3450654.00,1695895.00,1754759.00,236353.00,244525.00,252029.00,269373.00,247165.00,451647.00,523522.00,453761.00,173199.00,143130.00,242499.00,156276.00,57175.00,36.00,2558294.00,1238267.00,1320027.00,2393620.00,539188.00,455950.00,188111.00,267839.00,3294669.00,2628434.00,260968.00,273230.00,46767.00,8502.00,6964.00,4028.00,2505.00,5074.00,12566.00,7128.00,2372.00,702.00,585.00,388.00,697.00,82898.00,155985.00,2770035.00,284766.00,391949.00,58723.00,5123.00,102585.00,3450654.00,179304.00,132813.00,8153.00,1759.00,36579.00,3271350.00,2556368.00,3450654.00,3338279.00,1342293.00,717611.00,989710.00,796868.00,153263.00,72426.00,135402.00,53307.00,112375.00,66746.00,45629.00,1342293.00,921750.00,434793.00,717611.00,311735.00,152575.00,94403.00,420543.00,358560.00,135273.00,479275.00,319395.00,2.00,3.00,1514400.00,1342293.00,172107.00,32293.00,3.00,11.00,1342293.00,918259.00,424034.00,3.00,2.00
Oregon,3421399.00,1696550.00,1724849.00,223005.00,234474.00,242098.00,244427.00,230406.00,470695.00,526574.00,507155.00,173008.00,131380.00,219342.00,161404.00,57431.00,36.00,2574873.00,1262405.00,1312468.00,2429348.00,513663.00,438177.00,186477.00,251700.00,3316654.00,2961623.00,55662.00,45211.00,101350.00,9575.00,20930.00,10627.00,12131.00,12387.00,18890.00,16810.00,7976.00,2244.00,1015.00,1124.00,3593.00,144832.00,104745.00,3055670.00,72647.00,85667.00,127339.00,16019.00,176866.00,3421399.00,275314.00,214662.00,5092.00,3091.00,52469.00,3146085.00,2857616.00,3421399.00,3343908.00,1333723.00,692532.00,937610.00,766709.00,144570.00,51617.00,235473.00,84634.00,77491.00,37901.00,39590.00,1333723.00,877671.00,410803.00,692532.00,296404.00,130782.00,83131.00,456052.00,347624.00,121200.00,445764.00,305475.00,3.00,3.00,1452709.00,1333723.00,118986.00,36850.00,2.00,7.00,1333723.00,856951.00,476772.00,3.00,2.00
Pennsylvania,12281054.00,5929663.00,6351391.00,727804.00,827945.00,863849.00,850986.00,746086.00,1560486.00,1948076.00,1705032.00,619969.00,511656.00,969272.00,712326.00,237567.00,38.00,9358833.00,4430102.00,4928731.00,8842276.00,2219927.00,1919165.00,767547.00,1151618.00,12138830.00,10484203.00,1224612.00,18348.00,219813.00,57241.00,50650.00,14506.00,6984.00,31612.00,30037.00,28783.00,3417.00,897.00,646.00,734.00,1140.00,188437.00,142224.00,10596409.00,1289123.00,52650.00,248601.00,8790.00,238700.00,12281054.00,394088.00,55178.00,228557.00,10363.00,99990.00,11886966.00,10322455.00,12281054.00,11847753.00,4777003.00,2467673.00,3555036.00,2653125.00,525185.00,201853.00,522856.00,237622.00,433301.00,213790.00,219511.00,4777003.00,3208388.00,1430808.00,2467673.00,1043071.00,554693.00,298021.00,1568615.00,1320941.00,555374.00,1559281.00,1328237.00,2.00,3.00,5249750.00,4777003.00,472747.00,148230.00,2.00,7.00,4777003.00,3406337.00,1370666.00,3.00,2.00
Rhode Island,1048319.00,503635.00,544684.00,63896.00,71905.00,71370.00,75445.00,71813.00,140326.00,170310.00,141863.00,49982.00,39007.00,73684.00,57821.00,20897.00,37.00,800497.00,376436.00,424061.00,748445.00,175111.00,152402.00,60002.00,92400.00,1020068.00,891191.00,46908.00,5121.00,23665.00,2942.00,4974.00,2062.00,784.00,1560.00,952.00,10391.00,567.00,114.00,248.00,80.00,125.00,52616.00,28251.00,910630.00,58051.00,10725.00,28290.00,1783.00,69002.00,1048319.00,90820.00,5881.00,25422.00,1128.00,58389.00,957499.00,858433.00,1048319.00,1009503.00,408424.00,196757.00,303842.00,228391.00,47462.00,14603.00,53018.00,23180.00,38816.00,13801.00,25015.00,408424.00,265398.00,124867.00,196757.00,85817.00,52609.00,31703.00,143026.00,116678.00,46417.00,134399.00,107335.00,2.00,3.00,439837.00,408424.00,31413.00,12988.00,1.00,5.00,408424.00,245156.00,163268.00,3.00,2.00
South Carolina,4012012.00,1948929.00,2063083.00,264679.00,285243.00,290479.00,295377.00,281714.00,560831.00,625124.00,550321.00,206762.00,166149.00,270048.00,165016.00,50269.00,35.00,3002371.00,1432413.00,1569958.00,2814131.00,581573.00,485333.00,196734.00,288599.00,3972062.00,2695560.00,1185216.00,13718.00,36014.00,8356.00,5967.00,6423.00,2448.00,3665.00,4248.00,4907.00,1628.00,391.00,489.00,277.00,471.00,39926.00,39950.00,2727208.00,1200901.00,27456.00,44931.00,3778.00,51346.00,4012012.00,95076.00,52871.00,12211.00,2875.00,27119.00,3916936.00,2652291.00,4012012.00,3876975.00,1533854.00,783142.00,1153601.00,875535.00,235486.00,112044.00,170892.00,70422.00,135037.00,60533.00,74504.00,1533854.00,1072822.00,495276.00,783142.00,333951.00,226958.00,131010.00,461032.00,383142.00,132302.00,560160.00,346175.00,3.00,3.00,1753670.00,1533854.00,219816.00,70198.00,2.00,12.00,1533854.00,1107617.00,426237.00,3.00,2.00
South Dakota,754844.00,374558.00,380286.00,51069.00,54486.00,59463.00,62463.00,52802.00,91013.00,115386.00,97682.00,33611.00,28738.00,53129.00,38916.00,16086.00,36.00,552195.00,270597.00,281598.00,515188.00,125089.00,108131.00,45615.00,62516.00,744688.00,669404.00,4685.00,62283.00,4378.00,611.00,816.00,613.00,350.00,584.00,574.00,830.00,261.00,79.00,58.00,47.00,77.00,3677.00,10156.00,678604.00,6687.00,68281.00,6009.00,556.00,5351.00,754844.00,10903.00,6364.00,637.00,163.00,3739.00,743941.00,664585.00,754844.00,726426.00,290245.00,157391.00,222428.00,185835.00,22696.00,10716.00,33666.00,13891.00,28418.00,14387.00,14031.00,290245.00,194330.00,95180.00,157391.00,71148.00,26205.00,17645.00,95915.00,80040.00,32163.00,100977.00,72515.00,3.00,3.00,323208.00,290245.00,32963.00,9839.00,2.00,8.00,290245.00,197940.00,92305.00,3.00,2.00
Tennessee,5689283.00,2770275.00,2919008.00,374880.00,395813.00,395155.00,395184.00,386345.00,815901.00,902527.00,786916.00,293942.00,239309.00,382852.00,238994.00,81465.00,36.00,4290762.00,2051741.00,2239021.00,4046450.00,842141.00,703311.00,281882.00,421429.00,5626174.00,4563310.00,932809.00,15152.00,56662.00,12835.00,9426.00,5426.00,4304.00,7395.00,7007.00,10269.00,2205.00,539.00,696.00,544.00,426.00,56036.00,63109.00,4617553.00,953349.00,39188.00,68918.00,4587.00,72929.00,5689283.00,123838.00,77372.00,10303.00,3695.00,32468.00,5565445.00,4505930.00,5689283.00,5541337.00,2232905.00,1173960.00,1611789.00,1239200.00,287253.00,126284.00,235430.00,93948.00,147946.00,83397.00,64549.00,2232905.00,1547835.00,707305.00,1173960.00,499298.00,287899.00,165842.00,685070.00,576401.00,201850.00,785816.00,502332.00,2.00,3.00,2439443.00,2232905.00,206538.00,36712.00,2.00,9.00,2232905.00,1561363.00,671542.00,3.00,2.00
Texas,20851820.00,10352910.00,10498910.00,1624628.00,1654184.00,1631192.00,1636232.00,1539404.00,3162083.00,3322238.00,2611137.00,896521.00,701669.00,1142608.00,691984.00,237940.00,32.00,14965061.00,7338177.00,7626884.00,13981939.00,2479192.00,2072532.00,862181.00,1210351.00,20337187.00,14799505.00,2404566.00,118362.00,562319.00,129365.00,105829.00,58340.00,17120.00,45571.00,134961.00,71133.00,14434.00,3475.00,3641.00,2491.00,4827.00,2438001.00,514633.00,15240387.00,2493057.00,215599.00,644193.00,29094.00,2766586.00,20851820.00,6669666.00,5071963.00,69504.00,25705.00,1502494.00,14182154.00,10933313.00,20851820.00,20290711.00,7393354.00,3989741.00,6565663.00,5164472.00,1419208.00,601820.00,922745.00,327246.00,561109.00,374704.00,186405.00,7393354.00,5247794.00,2723330.00,3989741.00,2001628.00,937589.00,564288.00,2145560.00,1752141.00,536286.00,3027570.00,1469876.00,3.00,3.00,8157575.00,7393354.00,764221.00,173149.00,2.00,9.00,7393354.00,4716959.00,2676395.00,3.00,3.00
Utah,2233169.00,1119031.00,1114138.00,209378.00,193033.00,192288.00,216278.00,225152.00,327064.00,299536.00,237710.00,80053.00,62455.00,101548.00,66923.00,21751.00,27.00,1514471.00,749235.00,765236.00,1379043.00,226230.00,190222.00,83228.00,106994.00,2185974.00,1992975.00,17657.00,29684.00,37108.00,3065.00,8045.00,3106.00,6186.00,3473.00,5968.00,7265.00,15145.00,1251.00,202.00,4523.00,9169.00,93405.00,47195.00,2034448.00,24382.00,40445.00,48692.00,21367.00,113950.00,2233169.00,201559.00,136416.00,3977.00,940.00,60226.00,2031610.00,1904265.00,2233169.00,2192689.00,701281.00,442931.00,828541.00,663394.00,105800.00,41916.00,114136.00,24104.00,40480.00,19467.00,21013.00,701281.00,535294.00,299746.00,442931.00,245743.00,65941.00,40329.00,165987.00,124756.00,43908.00,321108.00,130469.00,3.00,4.00,768594.00,701281.00,67313.00,29685.00,2.00,7.00,701281.00,501547.00,199734.00,3.00,3.00
Vermont,608827.00,298337.00,310490.00,33989.00,41101.00,45397.00,45770.00,37852.00,74567.00,101889.00,93832.00,32603.00,24317.00,40683.00,26831.00,9996.00,38.00,461304.00,222606.00,238698.00,433348.00,91615.00,77510.00,32241.00,45269.00,601492.00,589208.00,3063.00,2420.00,5217.00,858.00,1330.00,328.00,403.00,669.00,980.00,649.00,141.00,30.00,28.00,44.00,39.00,1443.00,7335.00,596079.00,4492.00,6396.00,6622.00,308.00,2727.00,608827.00,5504.00,1174.00,1374.00,310.00,2646.00,603323.00,585431.00,608827.00,588067.00,240634.00,126413.00,167320.00,138281.00,14866.00,5033.00,38834.00,18079.00,20760.00,5663.00,15097.00,240634.00,157763.00,76409.00,126413.00,55907.00,22272.00,14792.00,82871.00,63112.00,22955.00,80904.00,54149.00,2.00,3.00,294382.00,240634.00,53748.00,43060.00,1.00,4.00,240634.00,169784.00,70850.00,3.00,2.00
Virginia,7078515.00,3471895.00,3606620.00,461982.00,495084.00,495955.00,484065.00,480574.00,1036965.00,1200690.00,999256.00,358442.00,273169.00,432456.00,272611.00,87266.00,36.00,5340253.00,2582793.00,2757460.00,5039883.00,948784.00,792333.00,322801.00,469532.00,6935446.00,5120110.00,1390293.00,21172.00,261025.00,48815.00,36966.00,47609.00,9080.00,45279.00,37309.00,35967.00,3946.00,1023.00,1310.00,631.00,982.00,138900.00,143069.00,5233601.00,1441207.00,52864.00,304559.00,9984.00,190308.00,7078515.00,329540.00,73979.00,41131.00,8332.00,206098.00,6748975.00,4965637.00,7078515.00,6847117.00,2699173.00,1426044.00,1991214.00,1561010.00,355604.00,138678.00,375082.00,126365.00,231398.00,111484.00,119914.00,2699173.00,1847796.00,881893.00,1426044.00,645504.00,320290.00,186591.00,851377.00,676907.00,216588.00,968736.00,565204.00,3.00,3.00,2904192.00,2699173.00,205019.00,54696.00,2.00,5.00,2699173.00,1837939.00,861234.00,3.00,2.00
Washington,5894121.00,2934300.00,2959821.00,394306.00,425909.00,434836.00,427968.00,390185.00,841130.00,975087.00,845972.00,285505.00,211075.00,337166.00,240897.00,84085.00,35.00,4380278.00,2157240.00,2223038.00,4127976.00,782897.00,662148.00,281985.00,380163.00,5680602.00,4821823.00,190267.00,93301.00,322335.00,23992.00,59914.00,65373.00,35985.00,46880.00,46149.00,44042.00,23953.00,4883.00,5823.00,8049.00,5198.00,228923.00,213519.00,5003180.00,238398.00,158940.00,395741.00,42761.00,287400.00,5894121.00,441509.00,329934.00,16140.00,4501.00,90934.00,5452612.00,4652490.00,5894121.00,5757739.00,2271398.00,1181995.00,1691535.00,1385475.00,236631.00,85991.00,376180.00,139469.00,136382.00,57218.00,79164.00,2271398.00,1499127.00,742481.00,1181995.00,541636.00,224618.00,146920.00,772271.00,594325.00,184924.00,799102.00,463007.00,3.00,3.00,2451075.00,2271398.00,179677.00,60355.00,2.00,6.00,2271398.00,1467009.00,804389.00,3.00,2.00
West Virginia,1808344.00,879170.00,929174.00,101805.00,111150.00,116182.00,125578.00,120109.00,229094.00,272249.00,270466.00,98916.00,85900.00,148463.00,96653.00,31779.00,39.00,1405951.00,672385.00,733566.00,1326880.00,327270.00,276895.00,112538.00,164357.00,1792556.00,1718777.00,57232.00,3606.00,9434.00,2856.00,1878.00,1495.00,887.00,857.00,379.00,1082.00,400.00,111.00,87.00,79.00,123.00,3107.00,15788.00,1733390.00,62817.00,10644.00,11873.00,887.00,5579.00,1808344.00,12279.00,4347.00,1609.00,453.00,5870.00,1796065.00,1709966.00,1808344.00,1765197.00,736481.00,397499.00,491697.00,363929.00,68787.00,28216.00,70733.00,34755.00,43147.00,24009.00,19138.00,736481.00,504055.00,213072.00,397499.00,156927.00,79120.00,42304.00,232426.00,199587.00,87568.00,233906.00,201399.00,2.00,3.00,844623.00,736481.00,108142.00,32757.00,2.00,9.00,736481.00,553699.00,182782.00,2.00,2.00
Wisconsin,5363675.00,2649041.00,2714634.00,342340.00,379484.00,403074.00,407195.00,357292.00,706168.00,875522.00,732306.00,252742.00,204999.00,355307.00,251621.00,95625.00,36.00,3994919.00,1947336.00,2047583.00,3751033.00,822236.00,702553.00,291510.00,411043.00,5296780.00,4769857.00,304460.00,47228.00,88763.00,12665.00,11184.00,5158.00,2868.00,6800.00,3891.00,46197.00,1630.00,458.00,332.00,333.00,507.00,84842.00,66895.00,4827514.00,326506.00,69386.00,102768.00,4310.00,104662.00,5363675.00,192921.00,126719.00,30267.00,2491.00,33444.00,5170754.00,4681630.00,5363675.00,5207717.00,2084544.00,1108597.00,1577549.00,1273539.00,158295.00,61165.00,278732.00,117967.00,155958.00,79073.00,76885.00,2084544.00,1386815.00,665239.00,1108597.00,493530.00,200300.00,128952.00,697729.00,557875.00,207206.00,706399.00,479787.00,3.00,3.00,2321144.00,2084544.00,236600.00,142313.00,1.00,6.00,2084544.00,1426361.00,658183.00,3.00,2.00
Wyoming,493782.00,248374.00,245408.00,30940.00,34127.00,38376.00,41903.00,33455.00,59854.00,78765.00,74079.00,24935.00,19655.00,31343.00,19615.00,6735.00,36.00,364909.00,182138.00,182771.00,340803.00,69045.00,57693.00,25377.00,32316.00,484899.00,454670.00,3722.00,11133.00,2771.00,354.00,609.00,472.00,485.00,412.00,100.00,339.00,302.00,75.00,65.00,63.00,99.00,12301.00,8883.00,462902.00,4863.00,15012.00,4107.00,614.00,15610.00,493782.00,31669.00,19963.00,575.00,160.00,10971.00,462113.00,438799.00,493782.00,479699.00,193608.00,106179.00,141464.00,118704.00,13953.00,6379.00,24495.00,10381.00,14083.00,7861.00,6222.00,193608.00,130497.00,63263.00,106179.00,46996.00,16837.00,11604.00,63111.00,50980.00,17059.00,67742.00,40335.00,2.00,3.00,223854.00,193608.00,30246.00,12389.00,2.00,10.00,193608.00,135514.00,58094.00,3.00,2.00
