State,  Population 3 years and over enrolled in school,"    Nursery school, preschool",    Kindergarten,    Elementary school (grades 1-8),    High school (grades 9-12),    College or graduate school,  Population 25 years and over,    Less than 9th grade,"    9th to 12th grade, no diploma",    High school graduate (includes equivalency),"    Some college, no degree",    Associate degree,    Bachelor's degree,    Graduate or professional degree,    Percent high school graduate or higher,    Percent bachelor's degree or higher,  Population 15 years and over,    Never married,"    Now married, except separated",    Separated,    Widowed,      Female,    Divorced,      Female,  Grandparent living in household with one or more own grandchildren under 18 years,    Grandparent responsible for grandchildren,  Civilian population 18 years and over,    Civilian veterans,  Population 5 to 20 years,    With a disability,  Population 21 to 64 years,    With a disability,      Percent employed,    No disability,      Percent employed,  Population 65 years and over,    With a disability,  Population 5 years and over,    Same house in 1995,    Different house in the U.S. in 1995,      Same county,      Different county,        Same state,        Different state,    Elsewhere in 1995,NATIVITY AND PLACE OF BIRTH,  Total population,    Native,      Born in United States,        State of residence,        Different state,      Born outside United States,    Foreign born,      Entered 1990 to March 2000,      Naturalized citizen,      Not a citizen,  Total (excluding born at sea),    Europe,    Asia,    Africa,    Oceania,    Latin America,    Northern America,  Population 5 years and over,    English only,    Language other than English,      Speak English less than 'very well,      Spanish,"        Speak English less than ""very well""",      Other Indo-European languages,"        Speak English less than ""very well""",      Asian and Pacific Island languages,"        Speak English less than ""very well""",  Total population,  Total ancestries reported,    Arab,    Czech[1],    Danish,    Dutch,    English,    French (except Basque)[1],    French Canadian[1],    German,    Greek,    Hungarian,    Irish[1],    Italian,    Lithuanian,    Norwegian,    Polish,    Portuguese,    Russian,    Scotch-Irish,    Scottish,    Slovak,    Subsaharan African,    Swedish,    Swiss,    Ukrainian,    United States or American,    Welsh,    West Indian (excluding Hispanic groups),    Other ancestries
Alabama,1155504,74879,65888,525314,246148,243275,2887400,240333,473748,877216,591055,155440,351772,197836,75.3,19,3514199,839185,1953261,75988,274547,228690,371218,207157,100765,56369,3310446,447397,1018258,91434,2497522,579227,50.6,1918295,74.8,555405,275044,4152278,2384847,1718719,1026668,692051,365839,326212,48712,,4447100,4359328,4328395,3262053,1066342,30933,87772,46520,32200,55572,87767,18415,26235,3662,529,35574,3352,4152278,3989795,162483,63917,89729,40299,43812,11225,22122,10546,4447100,3553063,6730,5720,4461,41722,344735,65235,10378,254166,6481,3977,343254,56220,1600,13779,22979,1529,5379,88181,69037,1554,28867,13092,3607,1799,756375,15086,4923,1382197
Alaska,185760,10804,10078,91027,41548,32303,379556,15663,28619,105812,108442,27213,61196,32611,88.3,24.7,468861,133271,255682,9268,15990,12568,54650,28306,10423,5419,419320,71552,165698,11406,357706,55965,55.3,301741,75.7,34301,15849,579740,267958,299218,160335,138883,43321,95562,12564,,626932,589762,579549,238613,340936,10213,37170,14753,20011,17159,37170,7425,18826,369,997,6658,2895,579740,496982,82758,30842,16674,5801,12851,3667,22186,11659,626932,683232,836,3701,5743,11866,60360,20221,6684,104147,1576,2238,67906,17944,962,26439,13268,2128,7517,11811,15763,827,1742,16685,2534,1580,35646,5382,1217,236509
Arizona,1401840,81923,77930,624766,286122,331099,3256184,254696,364851,791904,859165,219356,493419,272793,81,23.5,3979336,1037532,2188689,73329,238896,188563,440890,247938,114990,52210,3747180,562916,1199960,95958,2813449,546773,56.9,2266676,74.2,653778,259521,4752724,2103907,2465835,1456345,1009490,213070,796420,182982,,5130632,4474449,4418767,1779492,2639275,55682,656183,317381,193944,462239,656183,71674,77450,8475,3156,469033,26395,4752724,3523487,1229237,539937,927395,435186,102004,26527,62204,28280,5130632,5397030,17223,30391,39482,83686,532153,147358,35050,799777,16501,23571,525997,224795,10143,106771,126665,11600,40616,79165,102879,8114,14504,94601,17531,10817,240392,38671,4671,2013906
Arkansas,675109,43353,37746,311515,154432,128063,1731200,162464,264985,590416,355329,69578,190427,98001,75.3,16.7,2111663,447067,1229643,40818,161058,133447,233077,127314,57895,33618,1987107,281714,612642,57733,1473716,345338,51.6,1128378,76.7,354606,173400,2492205,1327374,1131174,618239,512935,260835,252100,33657,,2673400,2599710,2585866,1707529,878337,13844,73690,40741,22055,51635,73690,10028,15846,1503,1165,43309,1839,2492205,2368450,123755,57709,82465,43535,22695,5332,15238,7865,2673400,2177085,2405,6541,4636,40428,211226,51177,8155,249657,2595,2309,255279,34674,1062,13046,18867,1472,3270,46580,35864,1136,12693,14562,4770,1295,424920,11003,2731,714732
California,10129990,547066,554361,4349867,2122098,2556598,21298900,2446324,2496419,4288452,4879336,1518403,3640157,2029809,76.8,26.6,26076163,7843907,13657201,642670,1457818,1179638,2474567,1457510,928290,294969,24501941,2569340,8172459,609271,19210794,3848497,54.9,15362297,73.1,3469810,1465593,31416629,15757539,14251432,9714481,4536951,3087987,1448964,1407658,,33871648,25007393,24633720,17019097,7614623,373673,8864255,3270746,3473266,5390989,8864188,696578,2918642,113255,67131,4926803,141779,31416629,19014873,12401756,6277779,8105505,4303949,1335332,453589,2709179,1438588,33871648,35569389,192887,118889,207030,417382,2521355,783576,148265,3332396,125284,133988,2622089,1450884,51406,436128,491325,330974,402480,410310,541890,24535,184921,459897,115485,83125,1140830,188414,63639,18590005
Colorado,1166004,79064,61749,503119,239240,282832,2776632,134348,228691,644360,667610,193868,599028,308727,86.9,32.7,3385369,912983,1883863,54674,160243,128765,373606,210957,66903,28524,3177044,446385,977264,72623,2550417,406742,61.9,2143675,81.2,398644,159289,4006285,1768678,2102892,919925,1182967,539147,643820,134715,,4301261,3931358,3875900,1766731,2109169,55458,369903,201072,116875,253028,369894,65274,72417,9763,3065,205691,13684,4006285,3402266,604019,267504,421670,202883,100148,26943,63745,32138,4301261,4783916,12588,36650,43216,86401,515058,142623,29464,948371,15566,18411,527506,201787,8690,109744,101190,7051,45945,89035,114216,6692,17766,118846,21002,10709,221463,42514,4693,1286719
Connecticut,910869,66689,49197,401109,189662,204212,2295617,132917,234739,653300,402741,150926,416751,304243,84,31.4,2696250,732266,1483688,42556,188033,152712,249707,147891,55489,18898,2557792,310069,735594,56185,1945424,327697,63.1,1617727,80.3,439935,162931,3184514,1852990,1227719,798818,428901,168078,260823,103805,,3405565,3035598,2922076,1940576,981500,113522,369967,144271,180267,189700,369961,141141,70156,9748,1388,128267,19261,3184514,2600601,583913,234799,268044,116538,251335,90355,47993,23246,3405565,4007839,14933,20621,13751,28403,349390,214047,109555,335692,27603,40836,565971,634364,32035,21693,284272,44695,66453,39841,66764,22982,18705,65003,9488,23457,110615,15629,52977,778064
Delaware,209979,14792,10813,89673,43294,51407,514658,25490,64046,161760,100614,33831,80376,48541,82.6,25,620661,169025,335163,12554,42976,34697,60943,35248,16689,7204,585855,84289,176733,15663,442886,79525,60.2,363361,79.8,97072,36606,732378,409776,305294,186942,118352,16891,101461,17308,,783600,738702,726794,378840,347954,11908,44898,21187,19052,25846,44898,9944,13497,2248,88,17508,1613,732378,662845,69533,28380,34690,17116,22584,6411,9359,4201,783600,829000,1766,2719,1585,10951,94638,16086,4230,112026,3480,3886,129886,72677,2780,3941,40636,1001,6139,11775,15041,2000,8024,6635,1761,5097,47484,7920,5279,209557
District of Columbia,157475,9409,7400,54474,26694,59498,384535,29803,55446,79169,59281,10599,69496,80741,77.8,39.1,474417,229806,141992,19746,36829,29420,46044,26944,16842,8183,454454,44484,112797,11288,349658,76412,52.8,273246,73.4,66478,28280,539658,269299,239960,126931,113029,0,113029,30399,,572059,498498,491363,224352,267011,7135,73561,37533,22050,51511,73555,12909,12503,9208,585,37079,1271,539658,449241,90417,38236,49461,25355,23721,5815,8974,4508,572059,524577,3120,1578,1047,2879,25214,6942,1431,27415,1893,2048,28207,12587,1156,2336,7910,682,8338,4185,6536,640,16000,3013,1153,1247,9919,2067,7861,337173
Florida,3933279,271313,212744,1716991,845406,886825,11024645,739222,1480726,3165748,2403135,773486,1573121,889207,79.9,22.3,12946990,3076457,7032798,309160,1026014,826317,1502561,851134,345949,147893,12283486,1875597,3264015,284514,8746066,1914507,58.3,6831559,74.9,2720127,1075545,15043603,7352091,7038906,3866184,3172722,1311950,1860772,652606,,15982378,13311550,12890489,5231906,7658583,421061,2670828,1030449,1207502,1463326,2670794,355427,231976,34495,4957,1943781,100158,15043603,11569739,3473864,1554865,2476528,1187335,755214,268263,164516,75990,15982378,16235413,78254,67135,44366,216038,1468576,445081,134514,1887557,76908,96885,1648296,1003977,38724,114687,429691,48974,201559,246580,294293,29714,90155,155010,35875,42754,1278586,91683,491783,5477758
Georgia,2211688,176842,126641,1003495,468155,436555,5185965,393197,718152,1486006,1058692,269740,829873,430305,78.6,24.3,6366625,1739859,3436236,148126,385627,320320,656777,378960,193825,92265,5954362,768675,1914727,157923,4732912,940344,57.3,3792568,77.6,754654,358545,7594476,3735653,3615402,1605130,2010272,1044714,965558,243421,,8186453,7609180,7519654,4735652,2784002,89526,577273,344763,169232,408041,577273,74257,145696,40423,2021,300357,14519,7594476,6843038,751438,374251,426115,246269,168629,52754,116456,63320,8186453,7092016,17203,14561,12216,73217,664569,126233,26954,571238,16325,15293,642566,163218,6573,33858,82765,7544,32001,142642,140682,5680,98049,37346,9946,9197,1102178,33029,45380,2961553
Hawaii,320842,17909,16697,136318,70170,79748,802477,57805,66006,228832,175092,64701,142493,67548,84.6,26.2,965875,292324,512891,15305,58167,47439,87188,48232,49237,14029,878220,120587,259802,17120,669691,118555,58.8,551136,75.9,157997,64144,1134351,643806,443794,294618,149176,24016,125160,46751,,1211537,999308,968947,689056,279891,30361,212229,72394,127532,84697,212229,10479,176707,1040,13452,6788,3763,1134351,832226,302125,143505,18820,4960,14242,3165,267157,134782,1211537,1373593,1622,2437,3058,7221,51653,17818,3444,70384,1766,2104,53005,22094,926,9632,10770,48527,4930,9100,13014,419,1934,8985,1946,1270,17045,3919,1437,1003133
Idaho,368579,20764,19149,165698,85576,77392,787505,41039,79322,224322,215204,57003,116901,53714,84.7,21.7,991624,226558,594983,11624,52913,42773,105546,56914,17447,8110,920973,136584,331689,23755,701760,117039,58.3,584721,78.8,140644,59704,1196793,593848,581979,286443,295536,112607,182929,20966,,1293953,1229873,1219118,610929,608189,10755,64080,30570,21203,42877,64080,12064,8073,545,512,38344,4542,1196793,1084914,111879,46539,80241,36459,19460,5461,8105,3553,1293953,1363713,1446,7657,35702,32214,234467,38240,8922,244209,2960,2672,129788,34553,1193,46308,14715,4187,5810,23314,41367,681,843,45704,11923,1957,108091,20220,489,264081
Illinois,3450604,253102,189795,1490164,707505,810038,7973671,597684,882759,2212291,1720386,482502,1317182,760867,81.4,26.1,9707837,2804684,5206193,175757,653789,535281,867414,498204,258038,103717,9158208,1003572,2880883,221924,7053044,1203915,57.4,5849129,77.5,1416418,573878,11547505,6558427,4635247,3010802,1624445,959323,665122,353831,,12419293,10890235,10768063,8335553,2432510,122172,1529058,687564,603521,925537,1529058,389928,359812,26158,2553,731397,19210,11547505,9326786,2220719,1054722,1253676,665995,640237,253352,248800,111065,12419293,13248253,52798,152461,59632,195847,831820,267850,45664,2440549,95064,55971,1513005,744274,87294,178923,932996,7593,121397,126963,150255,42966,73194,303044,37505,47623,569102,51769,27286,4035408
Indiana,1603554,108711,88979,714684,338493,352687,3893278,206540,489000,1447734,768856,225535,475247,280366,82.1,19.4,4771040,1185042,2687609,63396,316750,260881,518243,286806,96169,48181,4504723,590476,1421914,117507,3434336,635620,60.8,2798716,80.2,707369,301630,5657818,3110861,2471808,1444124,1027684,576287,451397,75149,,6080485,5893951,5861618,4215694,1645924,32333,186534,97460,70983,115551,186529,43305,49613,7308,985,77457,7861,5657818,5295736,362082,143427,185576,84355,126530,37637,36707,17798,6080485,5589916,11680,18565,12244,134700,540079,148848,19386,1377902,18711,35715,656369,141486,10051,34174,183989,2846,19007,79932,100264,21806,22104,58175,35567,8118,730331,36392,3632,1127843
Iowa,792057,52114,40105,336676,175856,187306,1895856,105424,158012,683942,405748,140640,278350,123740,86.1,21.2,2324863,579279,1343339,23583,167895,139486,210767,114747,28201,13073,2192132,292020,680631,49880,1602398,244183,63,1358215,84,403731,152602,2738499,1558455,1141884,637431,504453,289612,214841,38160,,2926324,2835239,2823872,2188424,635448,11367,91085,52335,29951,61134,91083,20326,30162,3978,544,32824,3249,2738499,2578477,160022,68108,79491,36606,49032,15651,25335,13606,2926324,3096503,4432,60029,66954,134076,277487,75548,9958,1046153,5754,3366,395905,49449,2572,166667,32704,1114,7685,41407,43402,1655,6991,95337,16300,2021,196807,22841,941,328948
Kansas,756960,51305,39071,325595,164536,176453,1701207,88124,149675,507612,417722,99096,290271,148707,86,25.8,2100656,505452,1220202,25013,138336,114268,211653,117035,35274,17873,1962154,267452,645211,46507,1464501,246092,62,1218409,82.1,330661,137088,2500360,1310009,1138888,606365,532523,255737,276786,51463,,2688418,2553683,2532564,1600274,932290,21119,134735,74260,44763,89972,134733,15032,38028,3592,680,73727,3674,2500360,2281705,218655,98207,137247,67973,41207,10778,33203,17412,2688418,2679577,6785,22794,15145,61178,289938,82565,12529,695442,4145,3903,309647,50729,2073,29773,34695,1805,16903,51879,50339,1585,9205,64308,14018,2577,237358,21882,1796,584581
Kentucky,1007452,62338,55163,458749,224835,206367,2646397,309293,375707,888277,490170,129481,271418,182051,74.1,17.1,3217167,730035,1844628,57237,231630,191833,353637,195846,69504,35818,3028902,380618,896862,81136,2321603,557971,46.9,1763632,76.5,476540,235049,3776230,2112135,1618114,932537,685577,366998,318579,45981,,4041769,3961498,3940549,2980272,960277,20949,80271,47225,27569,52702,80265,20575,26814,3229,471,25627,3549,3776230,3627757,148473,58871,70061,30842,51025,15307,21031,10794,4041769,3264319,7191,4913,4191,49072,391542,66147,8112,514955,4733,6499,424133,62383,1945,10826,28251,1611,7571,66340,60301,2231,12539,13801,9454,2444,846105,18245,2815,635969
Louisiana,1271299,89597,69264,571548,282890,258000,2775468,257710,441342,899354,561486,95798,339711,180067,74.8,18.7,3466380,992616,1774491,90106,255120,208297,354047,202501,122240,67058,3232426,392486,1110715,103727,2445674,540838,51.4,1904836,72.7,489574,235482,4153367,2452282,1659059,1017457,641602,388082,253520,42026,,4468976,4353091,4327681,3546980,780701,25410,115885,42849,56102,59783,115880,18062,43464,4016,577,46561,3200,4153367,3771003,382364,116907,105189,38609,225750,53948,41963,21755,4468976,4135701,13553,5346,4221,25108,232816,545558,179739,315346,5929,4625,315417,195561,1577,11520,19200,2550,6858,52905,38097,1069,31945,11476,3289,1702,449714,9993,5689,1644898
Maine,321041,17558,15482,146178,74607,67216,869893,47183,80105,314600,165111,63934,129992,68968,85.4,22.9,1028823,245864,579456,12555,73012,59020,117936,66025,13053,5074,969780,154590,278711,24991,733415,141018,54.7,592397,81.6,174998,71901,1204164,717407,476244,275685,200559,92560,107999,10513,,1274923,1238232,1226444,857515,368929,11788,36691,10383,20252,16439,36689,11000,6949,1067,239,2197,15237,1204164,1110198,93966,24063,9611,2664,76079,18165,5737,2485,1274923,1373009,3004,2847,5837,13267,274423,181663,110344,85553,5423,2906,192901,58866,4744,9827,24982,5351,7180,33575,61226,1673,1414,21342,1878,2059,120038,9100,881,130705
Maryland,1475484,96052,75440,641844,307671,354477,3495595,178169,386917,933836,711127,186186,629304,470056,83.8,31.4,4159636,1195902,2197858,128941,270452,220370,366483,220275,125697,50974,3910942,524230,1193904,96501,3076165,529949,61.7,2546216,80.3,572977,227895,4945043,2752061,2045675,1085423,960252,465100,495152,147307,,5296486,4778171,4718233,2610963,2107270,59938,518315,228429,234711,283604,518315,86840,181504,62688,1957,176026,9300,4945043,4322329,622714,246287,230829,108578,198932,58632,135899,65973,5296486,5437506,20401,27492,11652,55393,476294,95885,22206,833718,31149,22941,623335,267573,17866,27131,184364,8396,75818,68972,90298,12203,98560,33026,12212,20014,305558,39601,55244,1900204
Massachusetts,1726111,122930,86479,703094,340205,473403,4273275,247556,403537,1165489,730135,308263,834554,583741,84.8,33.2,5091369,1581452,2631643,100839,354485,288734,422950,254419,98325,27915,4847708,558933,1355512,116151,3698327,663354,60,3034973,80.6,807006,305241,5954249,3481597,2266930,1356297,910633,463784,446849,205722,,6349097,5576114,5432764,4196702,1236062,143350,772983,312288,337617,435366,772972,248614,201598,47770,2517,231759,40714,5954249,4838679,1115570,459073,370011,162908,529784,194256,171253,89931,6349097,7309014,53511,15562,16335,43727,721905,508784,310572,377152,78172,18427,1428472,860079,51054,36106,323210,279722,110033,99759,162357,6690,80274,119267,10191,22616,244572,23719,81451,1225295
Michigan,2780378,173083,149186,1225217,597056,635836,6415941,299014,765119,2010861,1496576,448112,878680,517579,83.4,21.8,7775603,2162860,4188512,111578,513010,417088,799643,450439,166705,70044,7341880,913573,2335938,197611,5631322,1017943,54.8,4613379,77.9,1171080,495677,9268782,5307228,3801892,2324137,1477755,1010117,467638,159662,,9938444,9414855,9357816,7490125,1867691,57039,523589,235269,239955,283634,523585,156988,209416,16735,2083,88704,49659,9268782,8487401,781381,294606,246688,100689,303122,96900,104467,48454,9938444,10859658,116331,62053,44267,480774,988625,489589,191899,2028210,44214,98036,1068901,450952,30977,85753,854844,4993,71015,130282,224803,28049,51435,161301,24700,46350,517701,50609,11135,2501860
Minnesota,1362507,90516,71974,595721,308038,296258,3164345,158858,222487,912672,759153,243093,605210,262872,87.9,27.4,3857755,1083369,2172676,40287,224775,184628,336648,185992,45217,17682,3630355,464968,1168374,82719,2803699,392313,65,2411386,84.3,554138,204204,4591491,2617599,1889387,933981,955406,600156,355250,84505,,4919479,4659016,4632962,3451522,1181440,26054,260463,141968,97308,163155,260454,43652,105153,34469,1375,62556,13249,4591491,4201503,389988,167511,132066,61817,110644,30433,103520,57969,4919479,6181742,13923,101702,88924,99944,309802,202946,59719,1806650,10619,12279,552952,111270,5633,850742,240405,2487,35513,46370,62152,7786,43628,486507,23140,14356,142500,21677,3991,824125
Mississippi,789903,54058,47384,363300,172164,152997,1757517,169178,307852,516091,366744,100561,194325,102766,72.9,16.9,2203615,610133,1133554,62987,175143,144954,221798,122912,84157,48061,2054721,249431,706937,61061,1542401,378099,49.1,1164302,74.3,325801,168410,2641453,1544846,1071338,595347,475991,249203,226788,25269,,2844658,2804750,2791115,2113883,677232,13635,39908,19781,16098,23810,39904,7643,14434,1270,249,14582,1726,2641453,2545931,95522,36059,50515,20856,23700,5805,13558,6303,2844658,2289356,4215,2220,2617,18713,173633,66130,9932,129275,2662,1843,195741,40401,537,7088,10155,1059,2356,55077,35185,507,20469,7155,1601,723,403518,6951,1734,1087859
Missouri,1479573,102502,77764,663155,316637,319515,3634906,237618,441477,1189670,796999,184666,507892,276584,81.3,21.6,4414391,1095920,2447824,79774,315532,259661,475341,264469,90200,43907,4153926,592271,1288509,103038,3120642,567320,55.3,2553322,80,711417,303279,5226022,2803368,2355291,1229176,1126115,652746,473369,67363,,5595211,5444015,5412743,3792261,1620482,31272,151196,79223,61786,89410,151195,43101,52733,8453,1580,39048,6280,5226022,4961741,264281,103019,110752,45990,97816,31383,41970,21210,5595211,5387527,12927,31006,18207,99948,528935,195586,18079,1313951,12688,13694,711995,176209,5571,40887,90448,3800,25839,92706,83047,4612,26140,55774,21909,6228,587082,34187,4658,1171414
Montana,241754,13694,12033,108571,56201,51255,586621,25200,50158,183415,150467,34420,100758,42203,87.2,24.4,715915,171715,410379,9012,46730,37543,78079,41837,11098,6053,668651,108476,212617,15111,504718,85337,55.4,419381,79.1,114359,45284,847362,453995,386483,191049,195434,83904,111530,6884,,902195,885799,878931,505966,372965,6868,16396,4751,9482,6914,16396,6525,3305,184,258,1565,4559,847362,803031,44331,12663,12953,3411,17978,5065,3066,1323,902195,1045819,1157,8703,15204,22796,114216,38230,10213,243648,2290,3250,134364,28031,1136,95525,17774,1434,8398,23117,27170,1144,395,30721,5179,1986,46131,9312,199,154096
Nebraska,480705,30386,25269,204490,108245,112315,1087241,58376,87485,339952,263692,79596,179181,78959,86.6,23.7,1342422,346102,770109,15034,89953,74341,121224,66973,17401,8454,1253717,173189,408944,27486,935583,142647,64.9,792936,84.4,216774,80401,1594700,872471,693947,372885,321062,167037,154025,28282,,1711263,1636625,1626363,1147815,478548,10262,74638,43162,23918,50720,74638,10837,19202,2649,347,39991,1612,1594700,1469046,125654,57772,77655,39825,27905,7862,15014,8142,1711263,1957736,4696,93286,52470,38523,163651,44841,6704,661133,3161,2740,229805,42979,3215,39536,62475,1226,11002,24964,23173,896,5195,84294,8596,1944,76910,10374,753,259194
Nevada,492885,27345,30087,232258,104564,98631,1310176,84237,169137,384270,353797,80860,158078,79797,80.7,18.2,1563580,389244,835801,36447,85991,66569,216097,113699,45286,18685,1480440,238128,436023,33466,1173263,255628,61.4,917635,74.9,214065,86816,1853720,692787,1085721,567036,518685,52562,466123,75212,,1998257,1681664,1655486,425626,1229860,26178,316593,139294,116786,199807,316593,32202,72350,4910,2094,194268,10769,1853720,1425748,427972,207687,299947,162301,47183,12295,68523,29222,1998257,2136506,7232,9601,19400,31481,201447,63148,14104,282403,9278,10285,220488,132515,3448,38353,46973,11218,20408,28962,37780,2542,11111,36105,7460,3982,95995,14947,2714,773126
New Hampshire,332888,20868,15899,151310,69979,74832,823987,32426,71328,247723,164634,71772,153874,82230,87.4,28.7,978641,243840,560995,13320,57763,46372,102723,56832,14660,4534,926066,139038,281938,23641,724541,116642,64.2,607899,83.9,139078,53610,1160340,642397,501335,259110,242225,79975,162250,16608,,1235786,1181632,1170140,534558,635582,11492,54154,20191,25761,28393,54154,18248,13481,1864,350,7759,12452,1160340,1064252,96088,28073,18647,6907,64067,15607,9891,4618,1235786,1459622,6833,3401,3710,12626,223026,180947,127153,105906,15279,3784,240804,105610,7256,10301,51183,13095,10694,27985,53797,1232,2006,24911,2683,3457,73700,8240,1690,138313
New Jersey,2217832,181423,121950,978203,465954,470302,5657799,373429,641048,1661493,998872,298096,1063665,621196,82.1,29.8,6655333,1868368,3636045,159293,490779,400113,500848,302581,185771,58789,6321650,672217,1806868,134026,4864368,844726,59.4,4019642,77,1063982,411059,7856268,4697484,2847019,1628378,1218641,684063,534578,311765,,8414350,6938023,6738114,4490524,2247590,199909,1476327,614416,682304,794023,1476327,352914,410123,59917,2354,634084,16935,7856268,5854578,2001690,873088,967741,483069,659248,241627,275832,119581,8414350,9586504,72468,45432,22534,119315,521902,125493,30126,1063384,61522,115615,1336723,1503637,37726,48403,576473,72196,189524,77111,106607,46264,70005,58564,19983,73809,263807,40010,116475,2771396
New Mexico,533786,28597,27031,238669,119224,120265,1134801,104985,134996,301746,259924,67001,154372,111777,78.9,23.5,1398496,384658,741425,24979,84845,67410,162589,92380,46014,24041,1300288,190718,457185,37135,996726,209280,53.5,787446,72.4,205591,92015,1689911,919717,731488,400128,331360,126093,205267,38706,,1819046,1669440,1650808,937212,713596,18632,149606,58482,52103,97503,149606,15286,14330,1118,650,114858,3364,1689911,1072947,616964,201055,485681,158629,22032,5121,11517,5034,1819046,1824856,4296,6401,7448,21195,138405,36540,7529,179228,3736,4331,133965,43218,1775,18088,20723,2225,8564,27427,29243,1372,2793,16809,4445,1821,92940,10024,1474,998841
New York,5217030,331376,272504,2208497,1103278,1301375,12542536,1005805,1620519,3480768,2103404,898828,1954242,1478970,79.1,27.4,15055876,4777896,7535841,484640,1084409,887299,1173090,709220,412000,143014,14278716,1361164,4197977,370856,10932732,2294611,54.1,8638121,74.1,2333555,940680,17749110,10961493,6066869,3876450,2190419,1463942,726477,720748,,18976457,15108324,14589263,12384940,2204323,519061,3868133,1561609,1783744,2084389,3868094,879307,916597,116936,7680,1891612,55962,17749110,12786189,4962921,2310256,2416126,1182068,1654540,663874,671019,395159,18976457,20381381,121925,76820,38587,272904,1140036,479199,151839,2122620,159763,137029,2454469,2737146,49083,90524,986141,43839,460261,138844,212275,37863,166508,133788,38721,148700,717234,85356,685874,6494033
North Carolina,2043225,135315,114713,913173,417749,462275,5282994,413495,741229,1502978,1080504,358075,808070,378643,78.1,22.5,6393707,1595469,3596838,192383,432299,358740,576718,327002,160576,79810,5997177,792646,1749742,147883,4642863,969694,57.9,3673169,78.7,924128,422788,7513165,3980197,3336631,1678629,1658002,738666,919336,196337,,8049313,7619313,7548433,5073066,2475367,70880,430000,268357,112822,317178,430000,60222,93133,20369,1825,239853,14598,7513165,6909648,603517,297858,378942,218792,119961,32041,78246,39065,8049313,6982680,19580,14661,11093,93699,767749,127679,29215,762387,19146,16100,596219,181982,6635,32627,87968,7294,25363,255825,177546,7299,61798,40697,12211,9607,1115401,38287,15915,2448697
North Dakota,179667,8725,8650,73725,41564,47003,408585,35658,30298,113931,100288,38567,67551,22292,83.9,22,512281,141300,290833,3610,36702,30346,39836,21235,4645,2547,474210,61365,153594,11046,345334,53170,64,292164,82.7,87361,33601,603106,342460,253430,131446,121984,61732,60252,7216,,642200,630086,625998,465667,160331,4088,12114,6339,5156,6958,12114,4008,2793,793,121,1373,3026,603106,565130,37976,11003,8263,2762,24191,6670,1933,696,642200,813468,1042,14282,9188,9095,31560,25090,5398,282058,605,2802,49387,5328,265,193158,17700,348,22514,6674,8011,499,1051,31966,1749,3815,15495,1660,237,72491
Ohio,3014460,204086,163537,1349361,645083,652393,7411740,331801,930284,2674551,1471964,439608,1016256,547276,83,21.1,8952721,2348701,4875521,139602,637192,520456,951705,536437,185443,86009,8458130,1144007,2601181,205844,6394650,1120611,56,5274039,79.4,1422071,583034,10599968,6095656,4383727,2792785,1590942,1002292,588650,120585,,11353140,11013861,10940441,8485725,2454716,73420,339279,143035,169295,169984,339267,131683,120213,22034,1632,47124,16581,10599968,9951475,648493,234459,213147,77394,296816,99316,84658,40574,11353140,11699513,54650,86892,18103,200850,1046671,272139,36917,2866565,50609,193951,1447735,675749,23970,41537,433016,6002,73863,165741,197437,157125,65250,72369,70302,47228,981611,132041,11375,2269815
Oklahoma,930865,60100,50220,412966,204317,203262,2203173,134976,292257,693607,516456,119106,297082,149689,80.6,20.3,2717552,607432,1558216,47283,189169,155587,315452,175328,67194,39279,2536569,376062,809597,70153,1885835,405333,55.2,1480502,76.9,429566,200612,3215719,1650318,1510240,808448,701792,379292,322500,55161,,3450654,3318907,3290431,2158827,1131604,28476,131747,69879,45766,85981,131739,16102,39761,4626,810,66706,3734,3215719,2977187,238532,98990,141060,65280,36892,9045,34517,18325,3450654,3006879,8177,16591,7627,69451,291553,78644,10579,435245,4208,3626,354802,49970,1388,21923,27090,2842,7427,58798,52030,1219,12914,24994,5476,2178,392283,16960,14910,1033974
Oregon,876492,50273,44744,385091,191573,204811,2250998,111705,223106,591229,610753,149639,369252,195314,85.1,25.1,2722134,683656,1509301,46881,165315,133396,316981,175435,51169,22103,2574798,388990,761919,62544,1973306,354828,57.9,1618478,78.2,423459,175929,3199323,1496938,1619024,863070,755954,356626,399328,83361,,3421399,3131697,3101672,1549044,1552628,30025,289702,144801,97381,192321,289699,54441,79183,5033,4609,129268,17165,3199323,2810654,388669,188958,217614,116557,82828,28497,75279,39972,3421399,3751074,9422,23106,44704,89887,452808,126766,31354,701444,10478,11265,408605,111462,4472,147262,54503,14674,38200,79072,108836,2574,8249,107065,28496,14711,218673,39946,2582,860458
Pennsylvania,3135934,203934,159146,1379671,690020,703163,8266284,452069,1044036,3150013,1284731,487804,1153383,694248,81.9,22.4,9861713,2685328,5352297,215846,808903,656381,799339,456801,204909,80423,9354471,1280788,2689895,202259,6837268,1196717,54.8,5640551,78.3,1809320,712795,11555538,7333591,4056716,2513167,1543549,874796,668753,165231,,12281054,11772763,11620495,9544251,2076244,152268,508291,209123,257339,250952,508282,182667,182967,25413,2178,99514,15543,11555538,10583054,972484,368257,356754,140502,428122,138542,143955,76183,12281054,13575589,49413,70704,16762,255373,966253,211264,31769,3115560,56911,132184,1983262,1418465,78330,38869,824146,13566,178855,218173,185163,243009,58807,105525,60107,122291,633236,182289,36396,2288907
Rhode Island,290605,16207,14443,118468,57478,84009,694573,56312,96774,192914,122261,48495,110175,67642,78,25.6,841503,249556,433554,16022,63120,51061,79251,47430,16957,5060,797047,102494,234287,21713,589705,116305,58.4,473400,79.4,143565,57788,985184,572209,387429,240067,147362,50382,96980,25546,,1048319,929042,910056,643912,266144,18986,119277,41478,56184,63093,119277,39221,19578,12066,397,43892,4123,985184,788560,196624,83624,79443,40403,91449,31517,19926,9991,1048319,1231139,7171,1673,1811,5832,125393,114264,66792,56066,6482,2127,193273,199077,3419,4307,43159,91445,9662,12037,20024,843,23249,18752,1370,3331,31357,2780,4574,180869
South Carolina,1053152,68727,62867,474360,230359,216839,2596010,215776,398503,778054,500194,173428,351526,178529,76.3,20.4,3168918,823644,1718191,105253,231793,190426,290037,163531,99558,51755,2967197,420971,916760,82446,2270202,514963,55.5,1755239,77.1,465847,213448,3748669,2097193,1592098,836638,755460,313011,442449,59378,,4012012,3896034,3862472,2568954,1293518,33562,115978,60807,42983,72995,115978,27177,29402,3248,825,49608,5718,3748669,3552240,196429,82279,110030,53604,55116,14485,25534,12489,4012012,3464624,6460,6824,5017,38171,328329,71105,13290,337984,9244,7953,318247,81377,3129,14279,36817,3099,9005,118071,73593,3167,31775,16961,6080,3207,557583,16888,5903,1341066
South Dakota,208229,12693,11173,92769,48700,42894,474359,35421,37759,156006,109300,33861,73563,28449,84.6,21.5,589612,154033,336502,6160,41144,34104,51773,27121,8019,4632,548771,79370,186018,12653,399575,62238,64,337337,83.7,100501,39728,703820,391777,304918,149023,155895,83347,72548,7125,,754844,741349,737555,513867,223688,3794,13495,7427,5452,8043,13495,4255,4063,1561,95,2502,1019,703820,658245,45575,16376,10052,3999,19510,7699,3053,1505,754844,877136,1407,17660,20112,35655,53241,21871,4315,307309,733,982,78481,7541,287,115292,11527,343,9372,7571,7898,211,1731,29707,3085,875,29181,3587,181,106981
Tennessee,1415105,90016,78278,650037,309224,287550,3744928,359789,541895,1182699,750149,177708,478463,254225,75.9,19.6,4522630,1062215,2539975,91839,317412,263844,511189,286270,119968,61252,4274395,560141,1256186,110457,3290729,719573,53.2,2571156,77.7,668071,319663,5315920,2865547,2372401,1340667,1031734,463768,567966,77972,,5689283,5530279,5493226,3679056,1814170,37053,159004,91804,53185,105819,159004,28117,50584,8696,929,63484,7194,5315920,5059404,256516,108265,133931,64378,68879,19044,39701,20071,5689283,4688875,13158,8463,7293,75684,516893,93802,16180,474696,8184,8323,527977,94402,3010,21654,45548,3144,12042,150501,103325,2844,34569,25961,8108,3786,998293,25071,5220,1400744
Texas,5948260,390094,348203,2707281,1299792,1202890,12790893,1465420,1649141,3176743,2858802,668494,1996250,976043,75.7,23.2,15937643,4076697,9006327,392957,902613,738953,1559049,895265,551047,257074,14871550,1754809,5183137,410150,11612066,2315414,58.3,9296652,74.7,1966272,879978,19241518,9545367,8970191,5204389,3765802,2402953,1362849,725960,,20851820,17952178,17727394,12970203,4757191,224784,2899642,1335524,914326,1985316,2899640,152327,466218,64470,6984,2172476,37165,19241518,13230765,6010753,2669603,5195182,2369036,358019,92380,374330,186504,20851820,19485505,63733,187729,43719,202566,1462984,466815,88964,2068981,32319,30234,1507845,363354,12586,118968,228309,16552,56465,337630,289827,10341,132754,127871,28774,15574,1554012,81113,40345,9915141
Utah,741524,46057,38261,305486,164977,186743,1197892,38426,108585,294426,348680,94812,213959,99004,87.7,26.1,1639688,457015,963341,20027,67035,54247,132270,73061,39564,15989,1510842,161351,638650,44010,1175910,181290,64.2,994620,78.7,183813,73386,2023875,998458,960754,538410,422344,180155,242189,64663,,2233169,2074505,2054627,1405177,649450,19878,158664,90725,48178,110486,158657,25640,28373,2414,6612,87883,7735,2023875,1770626,253249,105691,150244,71405,49865,13156,37805,16310,2233169,2449213,4598,5010,144713,51891,647987,50549,7396,258496,11691,3306,132162,57512,1605,60567,16784,4031,7041,25031,98518,991,3600,94911,31397,2304,150814,48345,829,527134
Vermont,164156,9520,7736,70680,35902,40318,404223,20769,34127,130804,68440,31058,74124,44901,86.4,29.4,488281,130410,269304,6161,30836,25126,51570,28937,5332,1934,460487,62809,141158,11693,353932,57181,60,296751,83.5,73355,28293,574842,339599,227850,121993,105857,36109,69748,7393,,608827,585582,580923,330528,250395,4659,23245,8217,12451,10794,23245,8971,4455,511,173,1210,7925,574842,540767,34075,9305,5791,1407,24334,6211,3015,1521,608827,691861,2084,2319,2522,8920,111979,88139,53835,55427,2296,3058,100153,38835,1691,4498,20484,2044,6692,12899,27715,893,659,10065,1953,1656,50448,6688,361,73548
Virginia,1868101,125701,101127,806445,384028,450800,4666574,338184,526426,1212463,951700,262813,835011,539977,81.5,29.5,5623628,1473063,3132259,163486,350451,286985,504369,290268,140015,59464,5211916,786359,1549749,125668,4073957,712330,58.5,3361627,79.8,753882,317085,6619266,3453486,2960329,1196930,1763399,941661,821738,205451,,7078515,6508236,6402682,3676255,2726427,105554,570279,269121,232767,337512,570271,86612,235374,42509,2807,189809,13160,6619266,5884075,735191,303729,316274,151938,195846,53125,170136,82167,7078515,6770807,41663,25126,17083,80104,788849,143414,38400,828664,25846,25783,696315,257129,12837,46877,124647,12031,45076,158639,153447,13199,69775,50873,18257,15056,808386,48646,23149,2201536
Washington,1584701,98839,82637,697192,347619,358414,3827507,165205,329131,953544,1010801,307401,704826,356599,87.1,27.7,4639522,1218610,2566957,74786,249461,201464,529708,297822,84592,35341,4336464,670628,1355830,103962,3399917,606589,57.6,2793328,78.1,639648,270456,5501398,2675514,2650217,1511065,1139152,520757,618395,175667,,5894121,5279664,5195697,2781457,2414240,83967,614457,286439,257648,356809,614414,126270,239748,18775,8064,173870,47687,5501398,4730512,770886,350914,321490,155374,176722,62281,242836,123088,5894121,6483378,15141,33770,72098,142387,706681,215412,57440,1103258,19699,18590,673206,191442,8071,367508,102553,17200,63136,126490,178446,5084,28660,213013,33269,30057,315737,62262,5779,1676989
West Virginia,418553,22008,22820,186967,94429,92329,1233581,123622,182192,486334,205025,53448,109651,73309,75.2,14.8,1479301,327275,846400,21707,129556,106709,154363,82704,30833,16151,1404936,201701,376876,34350,1038716,247261,40.4,791455,71.5,265759,129170,1706931,1081045,617552,358912,258640,120153,138487,8334,,1808344,1788954,1782125,1342589,439536,6829,19390,6916,10446,8944,19390,6694,8385,664,158,2411,1078,1706931,1661036,45895,13550,17652,5728,19491,4970,6038,2249,1808344,1468395,5497,4319,1317,37837,176297,25183,2824,253388,4372,7477,198473,69935,1660,3855,28500,550,4436,37394,28139,4451,2901,5351,2884,1808,340519,12138,920,205970
Wisconsin,1463038,85045,81072,639162,329222,328537,3475878,186125,332292,1201813,715664,260711,530268,249005,85.1,22.4,4239561,1153197,2383565,49955,269611,220044,383233,209478,55983,23687,3993440,514213,1258268,98981,3018794,449699,61.7,2569095,83.1,662813,242237,5022073,2836232,2121312,1233211,888101,549993,338108,64529,,5363675,5169924,5137296,3939488,1197808,32628,193751,90728,76223,117528,193744,52213,62762,4812,1046,65683,7228,5022073,4653361,368712,148910,168778,76697,124719,36736,61447,31942,5363675,6477169,8935,110801,72160,149777,347854,206139,64302,2289585,15449,23945,583062,172567,13379,454831,497726,2250,32823,39368,55679,14513,13640,149977,59090,8032,189283,28184,3147,870671
Wyoming,136139,7880,6612,59518,32432,29697,315663,10614,27703,97779,85184,25221,47066,22096,87.9,21.9,390845,91098,227222,4666,22378,17959,45481,23472,6113,3582,362387,57860,119219,9175,277326,46493,62,230833,80,54630,21475,462809,237506,220066,111306,108760,35926,72834,5237,,493782,482577,478776,209687,269089,3801,11205,4237,5121,6084,11205,2937,2170,261,192,4514,1131,462809,433324,29485,8919,18606,6223,6391,1381,2117,862,493782,553210,369,4766,9703,12320,78681,17100,3275,127836,1805,1561,65785,15286,475,21204,9929,773,3779,12222,15830,383,381,17168,3042,572,32134,6143,169,90519
